事業名,ユーザー名,created_at,売上,流入経路,地域
RareTECH：受講料,ユーザー001,2024-04-20 23:18:20.582547,34499,広告,福岡
エンベーダー,ユーザー002,2024-07-11 23:18:20.586532,65194,SNS,札幌
RareTECH：職業紹介,ユーザー003,2023-10-05 23:18:20.586712,75696,広告,福岡
エンベーダー,ユーザー004,2023-09-24 23:18:20.586778,27588,SNS,名古屋
RareTECH：法人,ユーザー005,2024-02-24 23:18:20.586836,25398,エンベーダー,札幌
RareTECH：職業紹介,ユーザー006,2023-10-31 23:18:20.586892,89551,口コミ,東京
エンベーダー,ユーザー007,2024-07-02 23:18:20.586947,19271,SNS,福岡
rireki,ユーザー008,2024-02-04 23:18:20.587002,6270,広告,名古屋
RareTECH：職業紹介,ユーザー009,2024-01-24 23:18:20.587057,23004,rireki,東京
RareTECH：受講料,ユーザー010,2024-06-19 23:18:20.587111,23767,広告,名古屋
RareTECH：受講料,ユーザー011,2024-08-25 23:18:20.587166,49320,広告,福岡
RareTECH：職業紹介,ユーザー012,2024-06-15 23:18:20.587221,86994,広告,札幌
エンベーダー,ユーザー013,2024-01-11 23:18:20.587275,29053,口コミ,東京
システム・アプリ開発,ユーザー014,2024-04-15 23:18:20.587330,5476,SNS,大阪
RareTECH：法人,ユーザー015,2023-11-17 23:18:20.587384,10158,エンベーダー,札幌
RareTECH：職業紹介,ユーザー016,2024-03-22 23:18:20.587439,72903,口コミ,名古屋
エンベーダー,ユーザー017,2024-01-14 23:18:20.587492,29680,口コミ,大阪
rireki,ユーザー018,2024-09-16 23:18:20.587546,54493,RareTECH：受講料,札幌
システム・アプリ開発,ユーザー019,2024-02-23 23:18:20.587600,98549,SNS,大阪
システム・アプリ開発,ユーザー020,2024-09-17 23:18:20.587654,54246,SNS,東京
RareTECH：職業紹介,ユーザー021,2024-07-18 23:18:20.587707,75828,システム・アプリ開発,名古屋
RareTECH：法人,ユーザー022,2024-05-20 23:18:20.587759,10905,検索エンジン,福岡
システム・アプリ開発,ユーザー023,2024-02-19 23:18:20.587811,74503,口コミ,札幌
エンベーダー,ユーザー024,2024-09-08 23:18:20.587863,17929,RareTECH：受講料,福岡
RareTECH：受講料,ユーザー025,2024-03-14 23:18:20.587914,73413,メール,札幌
RareTECH：受講料,ユーザー026,2024-01-27 23:18:20.587976,89810,SNS,福岡
システム・アプリ開発,ユーザー027,2024-03-08 23:18:20.588028,47814,口コミ,札幌
システム・アプリ開発,ユーザー028,2024-08-24 23:18:20.588080,21213,RareTECH：職業紹介,大阪
システム・アプリ開発,ユーザー029,2024-06-18 23:18:20.588132,59095,RareTECH：受講料,名古屋
RareTECH：法人,ユーザー030,2023-11-20 23:18:20.588183,26557,口コミ,東京
エンベーダー,ユーザー031,2024-03-25 23:18:20.588234,77971,検索エンジン,東京
RareTECH：職業紹介,ユーザー032,2024-08-24 23:18:20.588286,73687,口コミ,福岡
エンベーダー,ユーザー033,2024-01-19 23:18:20.588337,51696,RareTECH：法人,大阪
システム・アプリ開発,ユーザー034,2024-07-21 23:18:20.588389,19741,RareTECH：職業紹介,大阪
RareTECH：法人,ユーザー035,2024-02-22 23:18:20.588441,17730,システム・アプリ開発,名古屋
エンベーダー,ユーザー036,2024-07-12 23:18:20.588493,64786,RareTECH：受講料,札幌
RareTECH：受講料,ユーザー037,2024-01-30 23:18:20.588544,83817,RareTECH：職業紹介,名古屋
rireki,ユーザー038,2024-06-18 23:18:20.588595,72496,rireki,東京
rireki,ユーザー039,2024-05-12 23:18:20.588647,8033,SNS,東京
エンベーダー,ユーザー040,2024-01-21 23:18:20.588699,22307,システム・アプリ開発,福岡
rireki,ユーザー041,2024-04-08 23:18:20.588752,28686,SNS,福岡
rireki,ユーザー042,2024-04-27 23:18:20.588804,79756,RareTECH：職業紹介,名古屋
エンベーダー,ユーザー043,2024-09-19 23:18:20.588857,68214,検索エンジン,大阪
RareTECH：受講料,ユーザー044,2024-01-06 23:18:20.588910,39226,RareTECH：職業紹介,名古屋
システム・アプリ開発,ユーザー045,2023-10-28 23:18:20.588963,88646,RareTECH：受講料,東京
RareTECH：法人,ユーザー046,2023-10-04 23:18:20.589020,8513,RareTECH：法人,福岡
rireki,ユーザー047,2024-07-31 23:18:20.589072,85500,エンベーダー,東京
システム・アプリ開発,ユーザー048,2024-06-28 23:18:20.589123,95304,口コミ,札幌
RareTECH：法人,ユーザー049,2024-09-14 23:18:20.589174,1346,メール,東京
rireki,ユーザー050,2024-03-10 23:18:20.589277,12673,SNS,東京
RareTECH：職業紹介,ユーザー051,2023-11-10 23:18:20.589328,24507,検索エンジン,大阪
エンベーダー,ユーザー052,2024-07-03 23:18:20.589378,83568,rireki,大阪
RareTECH：職業紹介,ユーザー053,2024-01-07 23:18:20.589430,46769,RareTECH：受講料,東京
rireki,ユーザー054,2023-12-27 23:18:20.589481,86168,RareTECH：法人,福岡
エンベーダー,ユーザー055,2024-03-06 23:18:20.589533,78619,検索エンジン,札幌
RareTECH：職業紹介,ユーザー056,2023-12-11 23:18:20.589585,45418,広告,東京
システム・アプリ開発,ユーザー057,2024-08-10 23:18:20.589635,52816,システム・アプリ開発,福岡
システム・アプリ開発,ユーザー058,2023-09-29 23:18:20.589686,55637,システム・アプリ開発,名古屋
システム・アプリ開発,ユーザー059,2024-02-12 23:18:20.589737,81482,広告,福岡
エンベーダー,ユーザー060,2024-03-03 23:18:20.589788,41776,RareTECH：受講料,大阪
RareTECH：法人,ユーザー061,2024-09-12 23:18:20.589839,87437,RareTECH：受講料,東京
エンベーダー,ユーザー062,2024-07-30 23:18:20.589890,60295,RareTECH：受講料,名古屋
RareTECH：職業紹介,ユーザー063,2024-07-06 23:18:20.589952,40084,広告,大阪
rireki,ユーザー064,2024-06-06 23:18:20.590004,80102,口コミ,大阪
RareTECH：法人,ユーザー065,2023-12-21 23:18:20.590055,36232,検索エンジン,福岡
rireki,ユーザー066,2024-07-09 23:18:20.590108,69077,口コミ,福岡
RareTECH：法人,ユーザー067,2024-04-01 23:18:20.590187,7338,RareTECH：受講料,大阪
rireki,ユーザー068,2023-10-12 23:18:20.590245,20594,口コミ,大阪
エンベーダー,ユーザー069,2024-01-19 23:18:20.590296,68837,RareTECH：受講料,東京
エンベーダー,ユーザー070,2024-08-30 23:18:20.590348,82479,RareTECH：法人,札幌
RareTECH：法人,ユーザー071,2024-05-04 23:18:20.590398,71513,広告,大阪
RareTECH：受講料,ユーザー072,2023-10-16 23:18:20.590450,78334,SNS,大阪
RareTECH：法人,ユーザー073,2024-08-28 23:18:20.590501,80829,RareTECH：職業紹介,福岡
エンベーダー,ユーザー074,2023-10-23 23:18:20.590551,2024,広告,札幌
システム・アプリ開発,ユーザー075,2024-08-06 23:18:20.590602,48396,広告,札幌
エンベーダー,ユーザー076,2024-02-16 23:18:20.590653,77658,検索エンジン,大阪
RareTECH：受講料,ユーザー077,2024-08-08 23:18:20.590704,87079,RareTECH：法人,札幌
RareTECH：法人,ユーザー078,2023-12-25 23:18:20.590755,48667,検索エンジン,福岡
RareTECH：法人,ユーザー079,2024-09-22 23:18:20.590805,42714,RareTECH：法人,福岡
RareTECH：法人,ユーザー080,2024-06-27 23:18:20.591099,41825,システム・アプリ開発,札幌
RareTECH：受講料,ユーザー081,2023-10-30 23:18:20.591154,92413,システム・アプリ開発,東京
エンベーダー,ユーザー082,2024-02-17 23:18:20.591206,18931,検索エンジン,札幌
RareTECH：法人,ユーザー083,2024-02-23 23:18:20.591259,87658,口コミ,大阪
システム・アプリ開発,ユーザー084,2023-11-26 23:18:20.591311,76672,RareTECH：法人,東京
エンベーダー,ユーザー085,2024-08-25 23:18:20.591369,69788,RareTECH：職業紹介,大阪
rireki,ユーザー086,2024-07-26 23:18:20.591421,90962,検索エンジン,福岡
RareTECH：法人,ユーザー087,2024-01-30 23:18:20.591474,2365,rireki,札幌
RareTECH：受講料,ユーザー088,2023-09-30 23:18:20.591526,18890,広告,福岡
エンベーダー,ユーザー089,2024-09-01 23:18:20.591751,63311,RareTECH：法人,大阪
RareTECH：法人,ユーザー090,2024-06-29 23:18:20.591862,20981,広告,東京
システム・アプリ開発,ユーザー091,2023-11-02 23:18:20.591930,28067,口コミ,大阪
RareTECH：職業紹介,ユーザー092,2023-10-03 23:18:20.591988,31194,RareTECH：職業紹介,札幌
RareTECH：職業紹介,ユーザー093,2023-10-10 23:18:20.592043,31369,RareTECH：職業紹介,東京
RareTECH：職業紹介,ユーザー094,2024-08-04 23:18:20.592097,74010,rireki,名古屋
システム・アプリ開発,ユーザー095,2023-10-05 23:18:20.592194,70302,広告,札幌
RareTECH：職業紹介,ユーザー096,2024-06-18 23:18:20.592249,85187,SNS,名古屋
システム・アプリ開発,ユーザー097,2023-10-31 23:18:20.592301,56867,SNS,東京
RareTECH：法人,ユーザー098,2024-09-04 23:18:20.592352,39276,口コミ,福岡
システム・アプリ開発,ユーザー099,2024-03-27 23:18:20.592405,39633,メール,東京
RareTECH：職業紹介,ユーザー100,2023-11-10 23:18:20.592455,70519,メール,名古屋
RareTECH：受講料,ユーザー101,2023-11-15 23:18:20.592651,46335,RareTECH：受講料,名古屋
システム・アプリ開発,ユーザー102,2023-10-21 23:18:20.592716,36902,エンベーダー,札幌
システム・アプリ開発,ユーザー103,2023-09-28 23:18:20.592773,54738,検索エンジン,大阪
RareTECH：職業紹介,ユーザー104,2023-10-18 23:18:20.592828,59805,rireki,大阪
RareTECH：法人,ユーザー105,2024-05-20 23:18:20.592882,57289,rireki,東京
システム・アプリ開発,ユーザー106,2024-08-26 23:18:20.592936,16320,RareTECH：職業紹介,名古屋
RareTECH：法人,ユーザー107,2023-11-12 23:18:20.592988,68046,rireki,大阪
エンベーダー,ユーザー108,2023-11-19 23:18:20.593040,59843,メール,福岡
RareTECH：職業紹介,ユーザー109,2023-10-12 23:18:20.593091,92157,rireki,大阪
システム・アプリ開発,ユーザー110,2023-10-29 23:18:20.593152,96471,広告,福岡
RareTECH：法人,ユーザー111,2023-12-26 23:18:20.593204,99659,検索エンジン,名古屋
RareTECH：法人,ユーザー112,2024-09-16 23:18:20.593254,53309,口コミ,名古屋
RareTECH：法人,ユーザー113,2023-10-19 23:18:20.593305,44123,RareTECH：受講料,札幌
システム・アプリ開発,ユーザー114,2024-05-07 23:18:20.593356,26521,RareTECH：法人,東京
RareTECH：受講料,ユーザー115,2023-10-11 23:18:20.593407,43010,口コミ,大阪
RareTECH：受講料,ユーザー116,2023-12-08 23:18:20.593458,46607,口コミ,名古屋
エンベーダー,ユーザー117,2024-03-22 23:18:20.593508,70317,検索エンジン,札幌
RareTECH：職業紹介,ユーザー118,2024-05-20 23:18:20.593558,75869,システム・アプリ開発,名古屋
システム・アプリ開発,ユーザー119,2023-12-09 23:18:20.593660,70757,口コミ,札幌
RareTECH：法人,ユーザー120,2024-08-20 23:18:20.593713,46875,口コミ,大阪
RareTECH：職業紹介,ユーザー121,2023-11-02 23:18:20.593765,59529,rireki,福岡
RareTECH：法人,ユーザー122,2023-11-02 23:18:20.593816,39922,広告,札幌
エンベーダー,ユーザー123,2024-09-22 23:18:20.593866,77126,RareTECH：職業紹介,東京
RareTECH：法人,ユーザー124,2023-10-01 23:18:20.593917,66341,広告,名古屋
システム・アプリ開発,ユーザー125,2023-11-10 23:18:20.593976,82312,RareTECH：受講料,名古屋
RareTECH：法人,ユーザー126,2024-07-05 23:18:20.594027,9824,SNS,大阪
エンベーダー,ユーザー127,2023-12-20 23:18:20.594078,55768,広告,名古屋
RareTECH：法人,ユーザー128,2023-10-10 23:18:20.594129,12545,RareTECH：受講料,福岡
RareTECH：受講料,ユーザー129,2023-11-11 23:18:20.594181,22752,口コミ,大阪
システム・アプリ開発,ユーザー130,2023-12-16 23:18:20.594235,8883,メール,札幌
RareTECH：法人,ユーザー131,2024-06-10 23:18:20.594286,97551,rireki,大阪
RareTECH：法人,ユーザー132,2024-08-02 23:18:20.594337,43631,広告,福岡
RareTECH：法人,ユーザー133,2024-03-16 23:18:20.594388,67746,広告,札幌
エンベーダー,ユーザー134,2023-11-12 23:18:20.594439,61906,SNS,福岡
エンベーダー,ユーザー135,2024-04-15 23:18:20.594490,72000,RareTECH：法人,大阪
システム・アプリ開発,ユーザー136,2023-12-03 23:18:20.594540,89940,rireki,名古屋
エンベーダー,ユーザー137,2024-01-07 23:18:20.594592,37833,RareTECH：職業紹介,名古屋
rireki,ユーザー138,2024-05-04 23:18:20.594644,37002,RareTECH：職業紹介,福岡
システム・アプリ開発,ユーザー139,2024-04-12 23:18:20.594848,8045,RareTECH：職業紹介,東京
RareTECH：法人,ユーザー140,2024-04-19 23:18:20.594924,17700,システム・アプリ開発,福岡
RareTECH：法人,ユーザー141,2024-08-04 23:18:20.595095,65671,システム・アプリ開発,福岡
RareTECH：職業紹介,ユーザー142,2023-12-08 23:18:20.595195,55223,メール,札幌
エンベーダー,ユーザー143,2024-08-05 23:18:20.595266,75227,広告,札幌
RareTECH：法人,ユーザー144,2024-03-26 23:18:20.595330,87665,RareTECH：職業紹介,大阪
システム・アプリ開発,ユーザー145,2024-06-05 23:18:20.595393,83734,検索エンジン,大阪
RareTECH：法人,ユーザー146,2024-07-01 23:18:20.595453,96095,RareTECH：法人,東京
RareTECH：受講料,ユーザー147,2024-04-04 23:18:20.595512,6046,検索エンジン,名古屋
RareTECH：法人,ユーザー148,2023-11-28 23:18:20.595573,51953,SNS,東京
RareTECH：法人,ユーザー149,2024-07-11 23:18:20.595631,73923,口コミ,札幌
rireki,ユーザー150,2024-01-09 23:18:20.595689,47420,広告,札幌
RareTECH：法人,ユーザー151,2024-07-28 23:18:20.595746,3474,システム・アプリ開発,大阪
rireki,ユーザー152,2024-04-13 23:18:20.595810,72123,システム・アプリ開発,大阪
RareTECH：職業紹介,ユーザー153,2024-01-31 23:18:20.595869,64728,RareTECH：受講料,大阪
システム・アプリ開発,ユーザー154,2024-08-21 23:18:20.595925,18066,口コミ,東京
RareTECH：職業紹介,ユーザー155,2023-10-29 23:18:20.595982,10878,口コミ,福岡
RareTECH：受講料,ユーザー156,2024-05-31 23:18:20.596043,15770,システム・アプリ開発,名古屋
RareTECH：法人,ユーザー157,2024-09-19 23:18:20.596101,40283,システム・アプリ開発,札幌
RareTECH：職業紹介,ユーザー158,2023-12-10 23:18:20.596160,47470,口コミ,名古屋
RareTECH：受講料,ユーザー159,2023-12-13 23:18:20.596216,87591,広告,福岡
rireki,ユーザー160,2024-05-31 23:18:20.596272,89539,メール,東京
rireki,ユーザー161,2024-07-24 23:18:20.596328,67461,広告,大阪
RareTECH：法人,ユーザー162,2024-07-29 23:18:20.596384,37689,RareTECH：法人,大阪
RareTECH：法人,ユーザー163,2024-03-05 23:18:20.596441,90256,広告,東京
rireki,ユーザー164,2024-03-31 23:18:20.596498,13185,SNS,福岡
エンベーダー,ユーザー165,2023-10-08 23:18:20.596554,90840,SNS,名古屋
RareTECH：受講料,ユーザー166,2024-07-06 23:18:20.596618,88426,口コミ,福岡
システム・アプリ開発,ユーザー167,2023-12-06 23:18:20.596675,3482,システム・アプリ開発,名古屋
RareTECH：職業紹介,ユーザー168,2024-05-05 23:18:20.596730,12024,SNS,福岡
RareTECH：職業紹介,ユーザー169,2024-02-23 23:18:20.596870,41413,口コミ,東京
rireki,ユーザー170,2024-05-13 23:18:20.596972,47802,検索エンジン,札幌
システム・アプリ開発,ユーザー171,2024-07-14 23:18:20.597036,41080,rireki,福岡
エンベーダー,ユーザー172,2024-06-23 23:18:20.597095,79147,SNS,札幌
RareTECH：職業紹介,ユーザー173,2023-12-03 23:18:20.597153,74199,RareTECH：法人,福岡
RareTECH：受講料,ユーザー174,2024-08-29 23:18:20.597211,65859,検索エンジン,大阪
エンベーダー,ユーザー175,2024-09-02 23:18:20.597266,1480,RareTECH：受講料,大阪
システム・アプリ開発,ユーザー176,2023-12-10 23:18:20.597321,60512,SNS,福岡
エンベーダー,ユーザー177,2024-04-24 23:18:20.597374,5185,広告,福岡
RareTECH：法人,ユーザー178,2024-05-01 23:18:20.597428,43666,SNS,東京
エンベーダー,ユーザー179,2023-10-03 23:18:20.597480,42107,検索エンジン,大阪
RareTECH：職業紹介,ユーザー180,2024-08-06 23:18:20.597544,20821,口コミ,名古屋
システム・アプリ開発,ユーザー181,2024-06-21 23:18:20.597598,60906,SNS,福岡
エンベーダー,ユーザー182,2024-05-18 23:18:20.597651,3709,エンベーダー,札幌
RareTECH：職業紹介,ユーザー183,2024-01-21 23:18:20.597702,93959,SNS,札幌
rireki,ユーザー184,2024-07-22 23:18:20.597776,89326,システム・アプリ開発,名古屋
rireki,ユーザー185,2024-04-01 23:18:20.597829,67395,口コミ,名古屋
RareTECH：法人,ユーザー186,2024-04-18 23:18:20.597881,15549,口コミ,札幌
RareTECH：受講料,ユーザー187,2024-08-19 23:18:20.597934,85224,広告,福岡
RareTECH：受講料,ユーザー188,2023-10-19 23:18:20.597986,41244,検索エンジン,名古屋
RareTECH：職業紹介,ユーザー189,2023-09-27 23:18:20.598144,7890,広告,東京
RareTECH：法人,ユーザー190,2023-12-05 23:18:20.598212,26940,RareTECH：受講料,札幌
RareTECH：法人,ユーザー191,2024-06-17 23:18:20.598270,43838,エンベーダー,福岡
RareTECH：法人,ユーザー192,2024-01-01 23:18:20.598327,79970,RareTECH：法人,札幌
エンベーダー,ユーザー193,2024-06-06 23:18:20.598383,15911,RareTECH：職業紹介,名古屋
RareTECH：受講料,ユーザー194,2023-11-12 23:18:20.598440,96971,RareTECH：受講料,札幌
システム・アプリ開発,ユーザー195,2024-05-04 23:18:20.598552,92725,rireki,大阪
RareTECH：法人,ユーザー196,2024-05-25 23:18:20.598657,8294,RareTECH：受講料,札幌
RareTECH：受講料,ユーザー197,2024-06-23 23:18:20.598730,94314,rireki,名古屋
RareTECH：受講料,ユーザー198,2024-06-22 23:18:20.598795,83918,RareTECH：職業紹介,名古屋
rireki,ユーザー199,2024-05-16 23:18:20.598857,30683,広告,名古屋
RareTECH：法人,ユーザー200,2024-03-27 23:18:20.598918,85396,SNS,東京
システム・アプリ開発,ユーザー201,2024-08-03 23:18:20.598978,46139,エンベーダー,東京
RareTECH：法人,ユーザー202,2024-06-12 23:18:20.599093,60811,システム・アプリ開発,札幌
RareTECH：職業紹介,ユーザー203,2023-11-24 23:18:20.599153,52357,システム・アプリ開発,福岡
システム・アプリ開発,ユーザー204,2024-09-20 23:18:20.599208,85647,システム・アプリ開発,東京
RareTECH：受講料,ユーザー205,2024-04-14 23:18:20.599264,56736,広告,東京
RareTECH：受講料,ユーザー206,2023-12-31 23:18:20.599320,27051,SNS,東京
rireki,ユーザー207,2023-11-17 23:18:20.599376,75568,SNS,大阪
システム・アプリ開発,ユーザー208,2023-10-28 23:18:20.599437,71256,エンベーダー,名古屋
rireki,ユーザー209,2024-08-01 23:18:20.599494,50597,rireki,東京
RareTECH：受講料,ユーザー210,2024-01-07 23:18:20.599550,24858,広告,福岡
システム・アプリ開発,ユーザー211,2024-06-15 23:18:20.599605,14453,口コミ,福岡
システム・アプリ開発,ユーザー212,2024-07-27 23:18:20.599661,95153,エンベーダー,名古屋
エンベーダー,ユーザー213,2024-08-28 23:18:20.599716,29306,広告,東京
エンベーダー,ユーザー214,2024-06-07 23:18:20.599772,11337,RareTECH：受講料,東京
システム・アプリ開発,ユーザー215,2024-04-25 23:18:20.599827,70413,検索エンジン,大阪
rireki,ユーザー216,2023-11-12 23:18:20.599883,51892,SNS,名古屋
エンベーダー,ユーザー217,2023-12-02 23:18:20.599975,16533,RareTECH：法人,東京
RareTECH：受講料,ユーザー218,2024-08-23 23:18:20.600039,91561,SNS,札幌
システム・アプリ開発,ユーザー219,2024-06-09 23:18:20.600096,56508,rireki,東京
RareTECH：法人,ユーザー220,2024-08-16 23:18:20.600152,48041,システム・アプリ開発,福岡
エンベーダー,ユーザー221,2024-01-26 23:18:20.600209,43238,rireki,福岡
RareTECH：法人,ユーザー222,2024-08-30 23:18:20.600265,83970,SNS,福岡
エンベーダー,ユーザー223,2023-11-28 23:18:20.600321,56303,検索エンジン,福岡
システム・アプリ開発,ユーザー224,2024-01-02 23:18:20.600409,68775,広告,東京
RareTECH：法人,ユーザー225,2024-07-15 23:18:20.600587,66049,広告,名古屋
RareTECH：職業紹介,ユーザー226,2024-05-30 23:18:20.600654,96754,検索エンジン,札幌
RareTECH：法人,ユーザー227,2023-11-30 23:18:20.600713,91403,口コミ,大阪
RareTECH：法人,ユーザー228,2024-05-24 23:18:20.600780,6868,口コミ,札幌
rireki,ユーザー229,2024-03-13 23:18:20.600837,17166,広告,札幌
エンベーダー,ユーザー230,2023-11-03 23:18:20.600891,53519,RareTECH：職業紹介,福岡
rireki,ユーザー231,2024-05-07 23:18:20.600944,79351,RareTECH：受講料,東京
システム・アプリ開発,ユーザー232,2024-05-09 23:18:20.600998,96100,検索エンジン,東京
システム・アプリ開発,ユーザー233,2024-08-28 23:18:20.601051,26113,RareTECH：受講料,東京
エンベーダー,ユーザー234,2023-10-27 23:18:20.601105,28718,SNS,名古屋
エンベーダー,ユーザー235,2024-05-20 23:18:20.601157,46130,口コミ,東京
RareTECH：法人,ユーザー236,2024-03-15 23:18:20.601210,32434,検索エンジン,大阪
システム・アプリ開発,ユーザー237,2024-02-21 23:18:20.601494,64411,広告,名古屋
RareTECH：受講料,ユーザー238,2023-12-02 23:18:20.601563,97999,広告,名古屋
rireki,ユーザー239,2023-10-13 23:18:20.601624,41425,広告,東京
システム・アプリ開発,ユーザー240,2024-08-20 23:18:20.601795,21955,RareTECH：職業紹介,東京
RareTECH：職業紹介,ユーザー241,2024-01-30 23:18:20.601920,44807,広告,東京
RareTECH：受講料,ユーザー242,2024-02-19 23:18:20.602034,17157,SNS,名古屋
システム・アプリ開発,ユーザー243,2024-06-21 23:18:20.602091,22296,口コミ,大阪
RareTECH：職業紹介,ユーザー244,2024-01-17 23:18:20.602145,75766,rireki,東京
システム・アプリ開発,ユーザー245,2024-07-16 23:18:20.602197,89719,口コミ,名古屋
システム・アプリ開発,ユーザー246,2024-08-08 23:18:20.602249,25606,rireki,東京
RareTECH：職業紹介,ユーザー247,2024-06-16 23:18:20.602301,57237,SNS,名古屋
エンベーダー,ユーザー248,2024-01-15 23:18:20.602353,84021,口コミ,東京
RareTECH：職業紹介,ユーザー249,2023-10-15 23:18:20.602404,96478,広告,大阪
システム・アプリ開発,ユーザー250,2024-03-25 23:18:20.602463,63028,広告,福岡
エンベーダー,ユーザー251,2024-06-22 23:18:20.602516,58906,口コミ,大阪
RareTECH：法人,ユーザー252,2024-03-29 23:18:20.602568,47069,rireki,札幌
RareTECH：受講料,ユーザー253,2023-11-08 23:18:20.602621,58080,RareTECH：受講料,福岡
システム・アプリ開発,ユーザー254,2023-09-29 23:18:20.602672,58103,SNS,名古屋
RareTECH：職業紹介,ユーザー255,2024-01-06 23:18:20.602724,37694,広告,東京
RareTECH：法人,ユーザー256,2023-09-24 23:18:20.602776,64084,RareTECH：職業紹介,札幌
RareTECH：法人,ユーザー257,2024-01-26 23:18:20.602828,16702,検索エンジン,大阪
システム・アプリ開発,ユーザー258,2024-03-08 23:18:20.602879,18487,メール,福岡
rireki,ユーザー259,2023-09-25 23:18:20.602931,24995,RareTECH：受講料,東京
RareTECH：法人,ユーザー260,2024-06-25 23:18:20.602983,7763,SNS,東京
RareTECH：法人,ユーザー261,2024-04-19 23:18:20.603034,88502,SNS,東京
RareTECH：受講料,ユーザー262,2024-04-29 23:18:20.603085,75058,検索エンジン,福岡
rireki,ユーザー263,2024-06-23 23:18:20.603137,62723,SNS,名古屋
RareTECH：職業紹介,ユーザー264,2023-11-08 23:18:20.603188,23572,SNS,札幌
RareTECH：職業紹介,ユーザー265,2023-12-11 23:18:20.603239,58034,メール,福岡
RareTECH：受講料,ユーザー266,2024-03-27 23:18:20.603509,69959,RareTECH：法人,名古屋
RareTECH：職業紹介,ユーザー267,2024-03-25 23:18:20.603631,57928,メール,大阪
RareTECH：受講料,ユーザー268,2023-12-26 23:18:20.603687,90226,SNS,名古屋
エンベーダー,ユーザー269,2023-12-05 23:18:20.603740,57228,口コミ,名古屋
RareTECH：受講料,ユーザー270,2024-04-03 23:18:20.603793,94254,RareTECH：職業紹介,大阪
RareTECH：法人,ユーザー271,2024-02-22 23:18:20.603844,30219,システム・アプリ開発,大阪
rireki,ユーザー272,2023-11-02 23:18:20.603895,91703,SNS,名古屋
システム・アプリ開発,ユーザー273,2024-09-06 23:18:20.603946,65640,口コミ,大阪
RareTECH：受講料,ユーザー274,2023-10-21 23:18:20.603998,35650,検索エンジン,福岡
RareTECH：受講料,ユーザー275,2024-09-04 23:18:20.604050,24676,メール,東京
RareTECH：法人,ユーザー276,2024-06-16 23:18:20.604102,26353,検索エンジン,東京
RareTECH：法人,ユーザー277,2024-01-27 23:18:20.604154,39908,口コミ,東京
RareTECH：職業紹介,ユーザー278,2023-12-07 23:18:20.604205,42210,口コミ,名古屋
RareTECH：受講料,ユーザー279,2024-07-27 23:18:20.604257,92918,メール,東京
RareTECH：受講料,ユーザー280,2024-01-29 23:18:20.604308,26248,システム・アプリ開発,福岡
RareTECH：職業紹介,ユーザー281,2024-08-27 23:18:20.604360,14559,口コミ,東京
RareTECH：受講料,ユーザー282,2024-05-28 23:18:20.604411,46634,検索エンジン,名古屋
rireki,ユーザー283,2024-08-23 23:18:20.604463,81433,検索エンジン,大阪
エンベーダー,ユーザー284,2023-09-27 23:18:20.604516,47597,RareTECH：法人,東京
エンベーダー,ユーザー285,2023-11-27 23:18:20.604568,80178,検索エンジン,名古屋
エンベーダー,ユーザー286,2024-03-05 23:18:20.604619,78241,システム・アプリ開発,名古屋
rireki,ユーザー287,2024-08-11 23:18:20.604671,93813,RareTECH：受講料,名古屋
RareTECH：受講料,ユーザー288,2024-06-06 23:18:20.604722,39149,RareTECH：受講料,大阪
RareTECH：職業紹介,ユーザー289,2024-04-11 23:18:20.604773,6661,口コミ,札幌
RareTECH：受講料,ユーザー290,2023-11-25 23:18:20.604824,14507,広告,大阪
RareTECH：職業紹介,ユーザー291,2024-02-07 23:18:20.604875,76791,SNS,名古屋
rireki,ユーザー292,2024-08-22 23:18:20.604932,53820,メール,名古屋
RareTECH：職業紹介,ユーザー293,2024-05-27 23:18:20.604984,94994,RareTECH：受講料,大阪
RareTECH：受講料,ユーザー294,2024-02-04 23:18:20.605035,48192,広告,札幌
RareTECH：法人,ユーザー295,2024-02-27 23:18:20.605086,8004,メール,東京
RareTECH：受講料,ユーザー296,2023-11-08 23:18:20.605137,46103,システム・アプリ開発,福岡
RareTECH：受講料,ユーザー297,2024-05-26 23:18:20.605188,50874,エンベーダー,大阪
rireki,ユーザー298,2024-02-09 23:18:20.605238,28984,エンベーダー,大阪
RareTECH：法人,ユーザー299,2024-02-14 23:18:20.605288,32236,検索エンジン,福岡
RareTECH：法人,ユーザー300,2023-12-20 23:18:20.605339,41543,rireki,札幌
RareTECH：受講料,ユーザー301,2023-10-14 23:18:20.605390,77686,rireki,札幌
RareTECH：職業紹介,ユーザー302,2024-04-30 23:18:20.605440,84933,SNS,大阪
RareTECH：受講料,ユーザー303,2024-07-03 23:18:20.605492,1542,RareTECH：法人,名古屋
システム・アプリ開発,ユーザー304,2024-02-21 23:18:20.605593,87447,システム・アプリ開発,福岡
RareTECH：受講料,ユーザー305,2024-01-15 23:18:20.605646,61616,口コミ,名古屋
RareTECH：法人,ユーザー306,2024-08-08 23:18:20.605957,82613,RareTECH：受講料,名古屋
RareTECH：職業紹介,ユーザー307,2024-08-31 23:18:20.606026,86551,メール,札幌
システム・アプリ開発,ユーザー308,2024-08-31 23:18:20.606086,52133,メール,大阪
rireki,ユーザー309,2024-08-03 23:18:20.606143,69246,rireki,札幌
RareTECH：法人,ユーザー310,2024-01-13 23:18:20.606203,11147,メール,大阪
RareTECH：職業紹介,ユーザー311,2024-04-06 23:18:20.606279,31638,エンベーダー,名古屋
RareTECH：職業紹介,ユーザー312,2024-07-19 23:18:20.606336,19288,検索エンジン,大阪
エンベーダー,ユーザー313,2024-07-01 23:18:20.606391,36076,広告,大阪
RareTECH：受講料,ユーザー314,2024-01-30 23:18:20.606450,51038,検索エンジン,東京
RareTECH：法人,ユーザー315,2024-07-20 23:18:20.606503,33574,RareTECH：法人,名古屋
RareTECH：法人,ユーザー316,2023-10-17 23:18:20.606555,42862,口コミ,大阪
RareTECH：受講料,ユーザー317,2024-02-18 23:18:20.606607,79174,メール,大阪
システム・アプリ開発,ユーザー318,2024-02-10 23:18:20.606659,3683,システム・アプリ開発,東京
RareTECH：職業紹介,ユーザー319,2024-08-09 23:18:20.606710,47098,広告,札幌
RareTECH：受講料,ユーザー320,2024-06-26 23:18:20.606761,78997,SNS,名古屋
システム・アプリ開発,ユーザー321,2024-02-27 23:18:20.606814,39210,口コミ,東京
RareTECH：受講料,ユーザー322,2024-08-17 23:18:20.606866,79667,メール,大阪
システム・アプリ開発,ユーザー323,2024-06-25 23:18:20.606917,79251,広告,東京
エンベーダー,ユーザー324,2024-09-03 23:18:20.606970,76268,SNS,大阪
RareTECH：職業紹介,ユーザー325,2023-10-16 23:18:20.607021,37707,エンベーダー,名古屋
システム・アプリ開発,ユーザー326,2023-10-27 23:18:20.607073,49372,検索エンジン,大阪
RareTECH：法人,ユーザー327,2024-01-22 23:18:20.607130,94716,SNS,札幌
システム・アプリ開発,ユーザー328,2024-05-05 23:18:20.607182,52171,口コミ,東京
RareTECH：職業紹介,ユーザー329,2023-11-01 23:18:20.607233,73307,rireki,大阪
システム・アプリ開発,ユーザー330,2024-06-30 23:18:20.607284,96477,rireki,東京
RareTECH：受講料,ユーザー331,2024-01-16 23:18:20.607336,46052,RareTECH：職業紹介,福岡
RareTECH：職業紹介,ユーザー332,2024-05-31 23:18:20.607387,37836,システム・アプリ開発,福岡
システム・アプリ開発,ユーザー333,2023-10-02 23:18:20.607455,64717,口コミ,福岡
RareTECH：受講料,ユーザー334,2024-05-12 23:18:20.607508,68928,広告,東京
システム・アプリ開発,ユーザー335,2023-12-02 23:18:20.607559,61996,口コミ,大阪
システム・アプリ開発,ユーザー336,2024-07-15 23:18:20.607610,38672,広告,大阪
RareTECH：職業紹介,ユーザー337,2023-11-09 23:18:20.607660,91423,口コミ,福岡
RareTECH：職業紹介,ユーザー338,2023-09-28 23:18:20.609347,4195,口コミ,東京
rireki,ユーザー339,2024-09-22 23:18:20.609424,41618,RareTECH：法人,福岡
システム・アプリ開発,ユーザー340,2024-01-31 23:18:20.609566,3969,SNS,札幌
RareTECH：受講料,ユーザー341,2024-01-19 23:18:20.609643,36266,広告,東京
RareTECH：法人,ユーザー342,2023-12-10 23:18:20.609704,84945,口コミ,札幌
RareTECH：職業紹介,ユーザー343,2024-03-03 23:18:20.609761,8097,メール,大阪
RareTECH：受講料,ユーザー344,2024-03-11 23:18:20.609816,94973,メール,大阪
RareTECH：職業紹介,ユーザー345,2024-04-14 23:18:20.609870,38629,SNS,大阪
システム・アプリ開発,ユーザー346,2023-11-20 23:18:20.609922,40441,RareTECH：受講料,大阪
システム・アプリ開発,ユーザー347,2023-09-24 23:18:20.609976,63261,広告,東京
RareTECH：受講料,ユーザー348,2024-02-17 23:18:20.610037,44250,RareTECH：職業紹介,名古屋
rireki,ユーザー349,2023-10-16 23:18:20.610091,77640,RareTECH：職業紹介,東京
RareTECH：受講料,ユーザー350,2023-12-18 23:18:20.610144,30403,検索エンジン,札幌
rireki,ユーザー351,2024-07-27 23:18:20.610196,83170,SNS,名古屋
エンベーダー,ユーザー352,2024-08-17 23:18:20.610248,52555,RareTECH：法人,大阪
RareTECH：法人,ユーザー353,2024-07-10 23:18:20.610299,67530,検索エンジン,福岡
RareTECH：受講料,ユーザー354,2024-09-05 23:18:20.610354,50328,SNS,大阪
rireki,ユーザー355,2024-03-11 23:18:20.610405,95013,SNS,札幌
エンベーダー,ユーザー356,2024-06-05 23:18:20.610457,53969,広告,福岡
RareTECH：法人,ユーザー357,2024-08-04 23:18:20.610508,50260,検索エンジン,福岡
システム・アプリ開発,ユーザー358,2023-12-20 23:18:20.610559,53716,RareTECH：職業紹介,名古屋
RareTECH：法人,ユーザー359,2024-09-17 23:18:20.610611,52131,口コミ,福岡
システム・アプリ開発,ユーザー360,2023-10-17 23:18:20.610662,28925,口コミ,東京
エンベーダー,ユーザー361,2024-04-17 23:18:20.610712,49807,検索エンジン,大阪
RareTECH：職業紹介,ユーザー362,2023-10-01 23:18:20.610763,54541,口コミ,大阪
rireki,ユーザー363,2024-05-13 23:18:20.610815,93799,システム・アプリ開発,札幌
システム・アプリ開発,ユーザー364,2024-02-25 23:18:20.610866,34055,口コミ,札幌
エンベーダー,ユーザー365,2023-11-01 23:18:20.610917,36967,SNS,札幌
rireki,ユーザー366,2024-08-17 23:18:20.610968,76609,システム・アプリ開発,名古屋
システム・アプリ開発,ユーザー367,2023-12-18 23:18:20.611019,66366,口コミ,札幌
RareTECH：受講料,ユーザー368,2024-07-11 23:18:20.611070,21907,検索エンジン,札幌
RareTECH：職業紹介,ユーザー369,2023-12-22 23:18:20.611121,25144,検索エンジン,大阪
システム・アプリ開発,ユーザー370,2024-06-05 23:18:20.611172,78722,検索エンジン,大阪
RareTECH：受講料,ユーザー371,2024-05-24 23:18:20.611228,99785,RareTECH：法人,名古屋
エンベーダー,ユーザー372,2024-06-08 23:18:20.611279,30930,SNS,福岡
RareTECH：職業紹介,ユーザー373,2024-09-04 23:18:20.611329,23927,検索エンジン,福岡
RareTECH：受講料,ユーザー374,2024-05-22 23:18:20.611379,97229,rireki,札幌
RareTECH：受講料,ユーザー375,2023-12-23 23:18:20.611429,95644,口コミ,大阪
RareTECH：法人,ユーザー376,2024-08-09 23:18:20.611516,62073,検索エンジン,東京
rireki,ユーザー377,2024-05-04 23:18:20.611568,33585,エンベーダー,大阪
rireki,ユーザー378,2023-11-30 23:18:20.611619,76192,システム・アプリ開発,東京
rireki,ユーザー379,2024-07-29 23:18:20.611669,65112,rireki,札幌
システム・アプリ開発,ユーザー380,2024-01-02 23:18:20.611720,68570,エンベーダー,名古屋
RareTECH：受講料,ユーザー381,2024-01-16 23:18:20.611770,86672,検索エンジン,東京
RareTECH：法人,ユーザー382,2024-03-01 23:18:20.611821,8277,rireki,東京
RareTECH：法人,ユーザー383,2024-02-22 23:18:20.611871,82378,メール,福岡
RareTECH：職業紹介,ユーザー384,2024-05-12 23:18:20.611922,81270,SNS,名古屋
RareTECH：職業紹介,ユーザー385,2023-12-03 23:18:20.611972,36749,システム・アプリ開発,大阪
RareTECH：職業紹介,ユーザー386,2024-08-06 23:18:20.612024,21052,RareTECH：職業紹介,札幌
RareTECH：職業紹介,ユーザー387,2024-05-07 23:18:20.612075,40028,rireki,東京
システム・アプリ開発,ユーザー388,2024-04-10 23:18:20.612126,98200,SNS,名古屋
システム・アプリ開発,ユーザー389,2023-12-14 23:18:20.612177,75392,検索エンジン,大阪
システム・アプリ開発,ユーザー390,2024-01-17 23:18:20.612233,88612,RareTECH：受講料,福岡
システム・アプリ開発,ユーザー391,2024-02-19 23:18:20.612285,82175,rireki,福岡
RareTECH：受講料,ユーザー392,2024-06-28 23:18:20.612335,86125,システム・アプリ開発,名古屋
エンベーダー,ユーザー393,2024-03-19 23:18:20.612385,63190,検索エンジン,札幌
RareTECH：職業紹介,ユーザー394,2024-08-06 23:18:20.612436,43512,検索エンジン,大阪
エンベーダー,ユーザー395,2024-08-09 23:18:20.612487,71126,メール,札幌
システム・アプリ開発,ユーザー396,2023-12-20 23:18:20.612537,26636,検索エンジン,名古屋
RareTECH：法人,ユーザー397,2024-03-26 23:18:20.612587,66095,検索エンジン,名古屋
システム・アプリ開発,ユーザー398,2023-11-14 23:18:20.612638,34337,口コミ,福岡
RareTECH：法人,ユーザー399,2023-10-26 23:18:20.612688,44085,口コミ,名古屋
RareTECH：受講料,ユーザー400,2024-07-09 23:18:20.612738,23040,広告,福岡
システム・アプリ開発,ユーザー401,2023-10-15 23:18:20.612788,30755,口コミ,大阪
RareTECH：法人,ユーザー402,2024-09-20 23:18:20.612840,69401,口コミ,福岡
エンベーダー,ユーザー403,2023-12-13 23:18:20.612890,24578,RareTECH：職業紹介,福岡
RareTECH：法人,ユーザー404,2023-10-01 23:18:20.612941,59250,システム・アプリ開発,札幌
RareTECH：法人,ユーザー405,2024-03-16 23:18:20.613001,39955,システム・アプリ開発,福岡
RareTECH：職業紹介,ユーザー406,2024-05-13 23:18:20.613051,10639,RareTECH：法人,大阪
RareTECH：受講料,ユーザー407,2023-11-27 23:18:20.613102,19944,検索エンジン,名古屋
RareTECH：受講料,ユーザー408,2024-04-28 23:18:20.613153,9890,広告,札幌
rireki,ユーザー409,2024-04-08 23:18:20.613204,39090,検索エンジン,大阪
エンベーダー,ユーザー410,2024-02-16 23:18:20.613255,6218,RareTECH：受講料,東京
システム・アプリ開発,ユーザー411,2024-08-19 23:18:20.613312,55258,口コミ,福岡
RareTECH：法人,ユーザー412,2023-11-14 23:18:20.613363,36052,広告,名古屋
RareTECH：職業紹介,ユーザー413,2024-09-08 23:18:20.613413,71353,システム・アプリ開発,大阪
RareTECH：法人,ユーザー414,2024-01-29 23:18:20.613561,76294,広告,名古屋
エンベーダー,ユーザー415,2023-10-18 23:18:20.613612,62588,広告,名古屋
rireki,ユーザー416,2024-07-06 23:18:20.613664,97150,RareTECH：法人,東京
RareTECH：職業紹介,ユーザー417,2024-05-17 23:18:20.613715,25349,広告,大阪
エンベーダー,ユーザー418,2023-10-15 23:18:20.613765,32004,RareTECH：受講料,福岡
エンベーダー,ユーザー419,2023-10-23 23:18:20.613816,28533,広告,東京
システム・アプリ開発,ユーザー420,2023-11-06 23:18:20.614064,76758,RareTECH：法人,東京
rireki,ユーザー421,2024-08-23 23:18:20.614132,96939,検索エンジン,福岡
RareTECH：受講料,ユーザー422,2024-06-03 23:18:20.614249,81826,広告,札幌
システム・アプリ開発,ユーザー423,2023-12-05 23:18:20.614327,55048,RareTECH：法人,大阪
RareTECH：職業紹介,ユーザー424,2024-09-07 23:18:20.614388,5259,検索エンジン,札幌
RareTECH：法人,ユーザー425,2024-07-29 23:18:20.614446,34468,検索エンジン,札幌
エンベーダー,ユーザー426,2023-10-15 23:18:20.614502,7876,エンベーダー,名古屋
システム・アプリ開発,ユーザー427,2024-01-19 23:18:20.614558,22779,SNS,大阪
システム・アプリ開発,ユーザー428,2024-03-24 23:18:20.614611,22323,口コミ,大阪
RareTECH：職業紹介,ユーザー429,2024-07-14 23:18:20.614664,72128,rireki,大阪
エンベーダー,ユーザー430,2024-02-12 23:18:20.614717,1861,システム・アプリ開発,大阪
rireki,ユーザー431,2024-02-21 23:18:20.614770,84695,広告,福岡
RareTECH：受講料,ユーザー432,2024-02-05 23:18:20.614829,5796,エンベーダー,名古屋
RareTECH：受講料,ユーザー433,2024-07-17 23:18:20.614883,72594,rireki,大阪
RareTECH：法人,ユーザー434,2024-03-07 23:18:20.615014,40753,SNS,札幌
rireki,ユーザー435,2024-05-30 23:18:20.615069,17646,RareTECH：受講料,福岡
RareTECH：職業紹介,ユーザー436,2024-06-17 23:18:20.615121,73909,SNS,札幌
システム・アプリ開発,ユーザー437,2024-01-21 23:18:20.615172,18620,広告,福岡
rireki,ユーザー438,2024-08-27 23:18:20.615223,76978,SNS,大阪
rireki,ユーザー439,2024-01-24 23:18:20.615274,62774,RareTECH：受講料,東京
RareTECH：受講料,ユーザー440,2024-05-27 23:18:20.615325,86094,口コミ,札幌
rireki,ユーザー441,2024-04-02 23:18:20.615376,49217,エンベーダー,札幌
RareTECH：職業紹介,ユーザー442,2023-11-02 23:18:20.615427,36891,RareTECH：法人,福岡
RareTECH：法人,ユーザー443,2024-06-27 23:18:20.615479,30406,広告,福岡
rireki,ユーザー444,2024-07-17 23:18:20.615530,20409,広告,東京
システム・アプリ開発,ユーザー445,2024-09-12 23:18:20.615580,74647,RareTECH：職業紹介,大阪
RareTECH：法人,ユーザー446,2024-01-03 23:18:20.615637,31735,rireki,名古屋
RareTECH：法人,ユーザー447,2023-12-31 23:18:20.615690,92489,SNS,名古屋
RareTECH：法人,ユーザー448,2024-01-18 23:18:20.615741,67798,検索エンジン,東京
RareTECH：受講料,ユーザー449,2024-02-06 23:18:20.615792,31560,エンベーダー,東京
RareTECH：受講料,ユーザー450,2024-06-28 23:18:20.615843,53203,rireki,大阪
RareTECH：受講料,ユーザー451,2023-12-28 23:18:20.615893,61457,メール,名古屋
rireki,ユーザー452,2023-12-02 23:18:20.615944,95510,rireki,東京
rireki,ユーザー453,2024-05-01 23:18:20.615995,61205,SNS,名古屋
rireki,ユーザー454,2023-11-25 23:18:20.616045,62018,SNS,名古屋
rireki,ユーザー455,2023-12-03 23:18:20.616096,64784,SNS,名古屋
エンベーダー,ユーザー456,2024-09-12 23:18:20.616147,77360,口コミ,札幌
RareTECH：職業紹介,ユーザー457,2024-08-12 23:18:20.616199,85750,SNS,大阪
システム・アプリ開発,ユーザー458,2024-08-17 23:18:20.616253,63151,広告,名古屋
RareTECH：法人,ユーザー459,2023-10-13 23:18:20.616305,98240,SNS,福岡
システム・アプリ開発,ユーザー460,2023-10-07 23:18:20.616356,43511,検索エンジン,名古屋
システム・アプリ開発,ユーザー461,2024-07-03 23:18:20.616406,85624,SNS,福岡
システム・アプリ開発,ユーザー462,2024-02-09 23:18:20.616456,66889,rireki,福岡
RareTECH：受講料,ユーザー463,2023-10-22 23:18:20.616507,56387,RareTECH：受講料,札幌
エンベーダー,ユーザー464,2024-09-21 23:18:20.616557,11125,検索エンジン,名古屋
システム・アプリ開発,ユーザー465,2023-12-05 23:18:20.616608,10174,rireki,大阪
RareTECH：法人,ユーザー466,2024-05-11 23:18:20.616658,38438,広告,札幌
rireki,ユーザー467,2024-06-03 23:18:20.616709,25482,SNS,大阪
RareTECH：法人,ユーザー468,2024-04-17 23:18:20.616759,27789,広告,札幌
RareTECH：法人,ユーザー469,2023-10-11 23:18:20.616810,41151,エンベーダー,福岡
RareTECH：職業紹介,ユーザー470,2024-09-21 23:18:20.616861,50861,口コミ,大阪
RareTECH：職業紹介,ユーザー471,2023-12-31 23:18:20.616995,89688,RareTECH：職業紹介,大阪
RareTECH：受講料,ユーザー472,2023-11-27 23:18:20.617052,68798,口コミ,札幌
RareTECH：法人,ユーザー473,2024-05-01 23:18:20.617104,3684,広告,大阪
システム・アプリ開発,ユーザー474,2024-06-14 23:18:20.617161,69187,SNS,名古屋
rireki,ユーザー475,2023-12-03 23:18:20.617213,85680,エンベーダー,福岡
RareTECH：法人,ユーザー476,2024-03-21 23:18:20.617264,54508,rireki,東京
rireki,ユーザー477,2024-04-07 23:18:20.617314,17552,システム・アプリ開発,東京
RareTECH：法人,ユーザー478,2024-03-21 23:18:20.617365,86240,システム・アプリ開発,札幌
システム・アプリ開発,ユーザー479,2024-01-03 23:18:20.617416,75991,口コミ,福岡
RareTECH：職業紹介,ユーザー480,2024-09-13 23:18:20.617467,28249,口コミ,大阪
RareTECH：法人,ユーザー481,2024-03-10 23:18:20.617518,50424,検索エンジン,福岡
RareTECH：受講料,ユーザー482,2023-10-03 23:18:20.617710,68628,RareTECH：受講料,東京
RareTECH：職業紹介,ユーザー483,2024-07-22 23:18:20.617778,45149,rireki,札幌
エンベーダー,ユーザー484,2024-02-02 23:18:20.617837,79293,メール,東京
RareTECH：職業紹介,ユーザー485,2024-04-04 23:18:20.617892,67723,SNS,札幌
RareTECH：受講料,ユーザー486,2023-12-26 23:18:20.617969,39406,RareTECH：法人,大阪
RareTECH：受講料,ユーザー487,2023-10-09 23:18:20.618023,11391,システム・アプリ開発,名古屋
RareTECH：受講料,ユーザー488,2024-03-05 23:18:20.618081,82052,エンベーダー,名古屋
RareTECH：受講料,ユーザー489,2024-03-21 23:18:20.618135,23535,検索エンジン,東京
RareTECH：法人,ユーザー490,2024-07-26 23:18:20.618186,20674,SNS,大阪
RareTECH：受講料,ユーザー491,2024-04-01 23:18:20.618238,19894,検索エンジン,札幌
システム・アプリ開発,ユーザー492,2024-03-11 23:18:20.618289,79126,RareTECH：受講料,大阪
RareTECH：法人,ユーザー493,2024-07-18 23:18:20.618339,16397,RareTECH：法人,福岡
エンベーダー,ユーザー494,2024-06-18 23:18:20.618390,20340,RareTECH：職業紹介,札幌
システム・アプリ開発,ユーザー495,2024-01-02 23:18:20.618440,51007,口コミ,札幌
RareTECH：職業紹介,ユーザー496,2023-11-30 23:18:20.618491,21569,検索エンジン,名古屋
RareTECH：受講料,ユーザー497,2023-10-22 23:18:20.618542,71539,広告,名古屋
RareTECH：受講料,ユーザー498,2024-03-08 23:18:20.618592,77195,RareTECH：受講料,大阪
RareTECH：受講料,ユーザー499,2023-10-22 23:18:20.618642,98125,検索エンジン,東京
RareTECH：職業紹介,ユーザー500,2024-06-28 23:18:20.618692,95921,RareTECH：受講料,札幌
rireki,ユーザー501,2024-02-12 23:18:20.618743,86343,SNS,札幌
RareTECH：受講料,ユーザー502,2024-01-08 23:18:20.618793,39080,RareTECH：法人,大阪
RareTECH：法人,ユーザー503,2023-11-29 23:18:20.618863,83932,システム・アプリ開発,福岡
RareTECH：受講料,ユーザー504,2024-02-24 23:18:20.618914,81510,検索エンジン,名古屋
RareTECH：受講料,ユーザー505,2023-10-16 23:18:20.618965,29003,RareTECH：法人,福岡
エンベーダー,ユーザー506,2024-09-19 23:18:20.619015,75846,エンベーダー,福岡
エンベーダー,ユーザー507,2024-02-08 23:18:20.619066,33938,システム・アプリ開発,札幌
RareTECH：受講料,ユーザー508,2024-09-21 23:18:20.619117,75346,RareTECH：職業紹介,札幌
rireki,ユーザー509,2024-02-27 23:18:20.619167,47849,RareTECH：職業紹介,福岡
RareTECH：職業紹介,ユーザー510,2024-08-17 23:18:20.619307,43528,エンベーダー,福岡
RareTECH：受講料,ユーザー511,2023-10-16 23:18:20.619373,96626,SNS,東京
エンベーダー,ユーザー512,2023-10-05 23:18:20.619430,92164,口コミ,札幌
rireki,ユーザー513,2024-02-25 23:18:20.619487,99755,広告,札幌
エンベーダー,ユーザー514,2023-10-15 23:18:20.619541,67090,広告,東京
rireki,ユーザー515,2024-02-20 23:18:20.619594,60183,メール,名古屋
システム・アプリ開発,ユーザー516,2024-01-29 23:18:20.619647,42937,rireki,大阪
システム・アプリ開発,ユーザー517,2024-02-21 23:18:20.619700,88491,メール,東京
エンベーダー,ユーザー518,2023-10-20 23:18:20.619751,9544,SNS,札幌
RareTECH：法人,ユーザー519,2024-02-05 23:18:20.619803,14720,エンベーダー,東京
システム・アプリ開発,ユーザー520,2024-04-28 23:18:20.619853,88131,RareTECH：法人,名古屋
RareTECH：受講料,ユーザー521,2024-05-25 23:18:20.619904,12909,RareTECH：職業紹介,東京
RareTECH：職業紹介,ユーザー522,2023-11-21 23:18:20.619957,42869,システム・アプリ開発,札幌
RareTECH：受講料,ユーザー523,2024-01-25 23:18:20.620203,79553,広告,札幌
RareTECH：法人,ユーザー524,2024-05-26 23:18:20.620274,48037,広告,大阪
システム・アプリ開発,ユーザー525,2023-10-17 23:18:20.620402,21242,広告,東京
RareTECH：法人,ユーザー526,2024-02-07 23:18:20.620507,47178,メール,東京
システム・アプリ開発,ユーザー527,2024-05-18 23:18:20.620568,74301,広告,東京
エンベーダー,ユーザー528,2023-11-25 23:18:20.620623,40697,口コミ,東京
RareTECH：受講料,ユーザー529,2024-02-17 23:18:20.620677,4801,RareTECH：職業紹介,札幌
エンベーダー,ユーザー530,2023-09-29 23:18:20.620736,88597,RareTECH：職業紹介,福岡
rireki,ユーザー531,2024-04-05 23:18:20.620789,3399,RareTECH：受講料,札幌
RareTECH：職業紹介,ユーザー532,2024-01-27 23:18:20.620840,37784,rireki,大阪
RareTECH：職業紹介,ユーザー533,2023-10-12 23:18:20.620891,55175,RareTECH：受講料,東京
RareTECH：法人,ユーザー534,2023-12-14 23:18:20.620942,14493,口コミ,東京
エンベーダー,ユーザー535,2024-02-22 23:18:20.620993,73410,RareTECH：受講料,札幌
エンベーダー,ユーザー536,2023-12-09 23:18:20.621044,90597,検索エンジン,大阪
エンベーダー,ユーザー537,2024-01-24 23:18:20.621095,88928,RareTECH：職業紹介,東京
エンベーダー,ユーザー538,2024-09-22 23:18:20.621146,95833,RareTECH：受講料,札幌
RareTECH：法人,ユーザー539,2024-02-19 23:18:20.621197,76840,RareTECH：職業紹介,札幌
システム・アプリ開発,ユーザー540,2024-08-22 23:18:20.621247,65407,RareTECH：受講料,東京
システム・アプリ開発,ユーザー541,2024-01-20 23:18:20.621300,19733,広告,名古屋
システム・アプリ開発,ユーザー542,2024-07-05 23:18:20.621352,73301,検索エンジン,東京
エンベーダー,ユーザー543,2024-07-20 23:18:20.621403,2000,広告,大阪
RareTECH：職業紹介,ユーザー544,2024-03-27 23:18:20.621455,9429,RareTECH：受講料,大阪
rireki,ユーザー545,2024-04-25 23:18:20.621506,85407,エンベーダー,札幌
システム・アプリ開発,ユーザー546,2023-12-17 23:18:20.621556,44098,検索エンジン,名古屋
RareTECH：法人,ユーザー547,2024-09-17 23:18:20.621607,65639,RareTECH：受講料,福岡
RareTECH：法人,ユーザー548,2024-05-29 23:18:20.621657,50290,RareTECH：受講料,東京
システム・アプリ開発,ユーザー549,2024-04-28 23:18:20.621708,15683,メール,名古屋
RareTECH：職業紹介,ユーザー550,2024-03-20 23:18:20.621757,9201,検索エンジン,東京
RareTECH：法人,ユーザー551,2024-06-16 23:18:20.622297,21361,広告,東京
rireki,ユーザー552,2024-03-26 23:18:20.622361,35643,RareTECH：受講料,東京
RareTECH：受講料,ユーザー553,2024-01-07 23:18:20.622423,17906,口コミ,札幌
rireki,ユーザー554,2024-05-14 23:18:20.622477,66671,RareTECH：職業紹介,札幌
RareTECH：職業紹介,ユーザー555,2024-03-11 23:18:20.622529,28711,口コミ,札幌
エンベーダー,ユーザー556,2024-04-01 23:18:20.622581,46420,エンベーダー,名古屋
RareTECH：受講料,ユーザー557,2024-01-20 23:18:20.622632,53880,rireki,東京
rireki,ユーザー558,2024-09-03 23:18:20.622683,25666,検索エンジン,福岡
rireki,ユーザー559,2023-11-03 23:18:20.622734,18599,検索エンジン,福岡
システム・アプリ開発,ユーザー560,2024-02-16 23:18:20.622785,21123,検索エンジン,大阪
rireki,ユーザー561,2024-05-20 23:18:20.622835,32926,エンベーダー,大阪
RareTECH：職業紹介,ユーザー562,2023-12-01 23:18:20.622885,86666,検索エンジン,大阪
システム・アプリ開発,ユーザー563,2024-05-24 23:18:20.622936,77286,SNS,東京
システム・アプリ開発,ユーザー564,2024-02-17 23:18:20.622986,66182,検索エンジン,東京
エンベーダー,ユーザー565,2023-12-11 23:18:20.623036,58201,口コミ,名古屋
RareTECH：職業紹介,ユーザー566,2024-03-21 23:18:20.623086,42226,RareTECH：職業紹介,札幌
rireki,ユーザー567,2024-02-15 23:18:20.623136,1426,SNS,大阪
rireki,ユーザー568,2023-12-20 23:18:20.623805,23567,メール,福岡
システム・アプリ開発,ユーザー569,2024-09-08 23:18:20.623879,70127,rireki,東京
RareTECH：受講料,ユーザー570,2024-01-30 23:18:20.623937,54826,rireki,大阪
RareTECH：職業紹介,ユーザー571,2023-12-09 23:18:20.623999,36353,口コミ,札幌
RareTECH：職業紹介,ユーザー572,2023-10-06 23:18:20.624093,49577,RareTECH：受講料,大阪
RareTECH：受講料,ユーザー573,2023-10-22 23:18:20.624148,85780,SNS,福岡
RareTECH：職業紹介,ユーザー574,2024-01-28 23:18:20.624199,43620,広告,札幌
システム・アプリ開発,ユーザー575,2024-04-09 23:18:20.624251,12492,広告,東京
RareTECH：職業紹介,ユーザー576,2023-12-03 23:18:20.624303,9587,メール,名古屋
rireki,ユーザー577,2024-02-23 23:18:20.624355,97744,RareTECH：法人,大阪
RareTECH：法人,ユーザー578,2023-11-16 23:18:20.624408,86047,システム・アプリ開発,名古屋
RareTECH：法人,ユーザー579,2023-09-29 23:18:20.624460,71022,広告,東京
RareTECH：受講料,ユーザー580,2024-01-30 23:18:20.624512,39130,エンベーダー,福岡
エンベーダー,ユーザー581,2024-02-17 23:18:20.624563,89743,検索エンジン,札幌
RareTECH：職業紹介,ユーザー582,2024-09-21 23:18:20.624615,96097,RareTECH：職業紹介,東京
rireki,ユーザー583,2024-03-15 23:18:20.624667,87755,検索エンジン,札幌
システム・アプリ開発,ユーザー584,2024-08-02 23:18:20.624718,83381,RareTECH：受講料,東京
rireki,ユーザー585,2024-04-06 23:18:20.624769,66837,検索エンジン,名古屋
RareTECH：職業紹介,ユーザー586,2024-08-08 23:18:20.624835,95459,検索エンジン,札幌
RareTECH：法人,ユーザー587,2023-10-09 23:18:20.624886,22693,メール,福岡
システム・アプリ開発,ユーザー588,2023-10-26 23:18:20.624937,82145,RareTECH：職業紹介,名古屋
RareTECH：職業紹介,ユーザー589,2023-11-17 23:18:20.624988,48406,SNS,福岡
RareTECH：法人,ユーザー590,2023-11-05 23:18:20.625039,20670,rireki,大阪
rireki,ユーザー591,2024-06-08 23:18:20.625090,5960,SNS,福岡
システム・アプリ開発,ユーザー592,2024-08-10 23:18:20.625141,85090,rireki,大阪
RareTECH：法人,ユーザー593,2024-07-01 23:18:20.625192,10507,口コミ,東京
RareTECH：法人,ユーザー594,2023-10-22 23:18:20.625247,48788,広告,東京
RareTECH：受講料,ユーザー595,2024-01-07 23:18:20.625297,2929,SNS,名古屋
RareTECH：法人,ユーザー596,2024-01-14 23:18:20.625348,37594,システム・アプリ開発,札幌
rireki,ユーザー597,2024-02-28 23:18:20.625399,52041,SNS,名古屋
システム・アプリ開発,ユーザー598,2024-08-03 23:18:20.625450,43150,口コミ,東京
RareTECH：受講料,ユーザー599,2024-08-08 23:18:20.625500,74043,SNS,福岡
RareTECH：職業紹介,ユーザー600,2024-01-14 23:18:20.625550,80359,口コミ,福岡
システム・アプリ開発,ユーザー601,2023-11-04 23:18:20.625601,71156,広告,名古屋
rireki,ユーザー602,2023-09-25 23:18:20.625651,8513,口コミ,名古屋
RareTECH：受講料,ユーザー603,2024-05-05 23:18:20.625701,70906,RareTECH：法人,札幌
エンベーダー,ユーザー604,2023-10-07 23:18:20.625752,98748,RareTECH：法人,福岡
RareTECH：法人,ユーザー605,2024-08-19 23:18:20.625803,7751,広告,大阪
システム・アプリ開発,ユーザー606,2024-02-03 23:18:20.625860,25652,システム・アプリ開発,東京
RareTECH：職業紹介,ユーザー607,2024-07-12 23:18:20.625911,27420,rireki,名古屋
RareTECH：受講料,ユーザー608,2023-12-10 23:18:20.625961,70460,エンベーダー,名古屋
システム・アプリ開発,ユーザー609,2024-07-16 23:18:20.626012,75856,システム・アプリ開発,大阪
RareTECH：法人,ユーザー610,2024-01-28 23:18:20.626062,58313,検索エンジン,大阪
RareTECH：職業紹介,ユーザー611,2023-11-18 23:18:20.626111,24849,検索エンジン,名古屋
RareTECH：法人,ユーザー612,2024-03-21 23:18:20.626162,43072,SNS,福岡
RareTECH：受講料,ユーザー613,2024-04-01 23:18:20.626212,76161,エンベーダー,東京
RareTECH：受講料,ユーザー614,2024-06-23 23:18:20.626262,2358,広告,東京
RareTECH：職業紹介,ユーザー615,2024-05-21 23:18:20.626312,90605,RareTECH：職業紹介,大阪
システム・アプリ開発,ユーザー616,2024-06-02 23:18:20.626361,8661,口コミ,大阪
エンベーダー,ユーザー617,2023-09-27 23:18:20.626412,78473,RareTECH：法人,大阪
RareTECH：法人,ユーザー618,2024-03-22 23:18:20.626461,47718,検索エンジン,名古屋
エンベーダー,ユーザー619,2023-10-20 23:18:20.626510,41308,RareTECH：受講料,大阪
エンベーダー,ユーザー620,2024-01-25 23:18:20.626561,38816,検索エンジン,札幌
エンベーダー,ユーザー621,2024-09-05 23:18:20.626611,18018,広告,札幌
エンベーダー,ユーザー622,2023-09-30 23:18:20.626661,57944,検索エンジン,札幌
システム・アプリ開発,ユーザー623,2024-07-23 23:18:20.626711,15614,SNS,福岡
RareTECH：法人,ユーザー624,2024-04-04 23:18:20.626761,97717,口コミ,福岡
エンベーダー,ユーザー625,2023-11-14 23:18:20.626812,49070,システム・アプリ開発,福岡
RareTECH：受講料,ユーザー626,2024-04-24 23:18:20.626861,46104,口コミ,名古屋
RareTECH：法人,ユーザー627,2023-12-17 23:18:20.626910,11196,検索エンジン,札幌
エンベーダー,ユーザー628,2024-04-07 23:18:20.626966,82017,口コミ,東京
システム・アプリ開発,ユーザー629,2024-04-19 23:18:20.627017,22118,エンベーダー,東京
RareTECH：職業紹介,ユーザー630,2024-06-20 23:18:20.627067,43081,RareTECH：受講料,東京
rireki,ユーザー631,2023-10-16 23:18:20.627117,25742,口コミ,札幌
rireki,ユーザー632,2023-12-29 23:18:20.627167,20459,広告,東京
RareTECH：法人,ユーザー633,2024-09-20 23:18:20.627217,39039,広告,福岡
rireki,ユーザー634,2023-10-01 23:18:20.627266,19323,検索エンジン,名古屋
RareTECH：職業紹介,ユーザー635,2023-11-07 23:18:20.627315,86169,広告,大阪
rireki,ユーザー636,2023-10-27 23:18:20.627365,13831,検索エンジン,名古屋
エンベーダー,ユーザー637,2023-11-06 23:18:20.627415,32655,広告,福岡
RareTECH：職業紹介,ユーザー638,2024-03-08 23:18:20.627465,71064,検索エンジン,東京
RareTECH：職業紹介,ユーザー639,2023-10-19 23:18:20.627515,98465,検索エンジン,札幌
RareTECH：法人,ユーザー640,2024-02-14 23:18:20.627564,55632,口コミ,大阪
RareTECH：職業紹介,ユーザー641,2024-08-11 23:18:20.627615,96335,検索エンジン,名古屋
エンベーダー,ユーザー642,2023-11-29 23:18:20.627664,44633,検索エンジン,東京
RareTECH：職業紹介,ユーザー643,2024-09-18 23:18:20.627714,79536,RareTECH：法人,名古屋
RareTECH：法人,ユーザー644,2024-06-22 23:18:20.627765,58538,SNS,大阪
RareTECH：法人,ユーザー645,2024-07-17 23:18:20.627815,15622,RareTECH：職業紹介,大阪
rireki,ユーザー646,2024-06-27 23:18:20.627865,14096,SNS,名古屋
エンベーダー,ユーザー647,2024-05-04 23:18:20.627915,99545,RareTECH：法人,福岡
システム・アプリ開発,ユーザー648,2024-07-19 23:18:20.627965,1163,RareTECH：受講料,大阪
エンベーダー,ユーザー649,2024-02-04 23:18:20.628014,10153,エンベーダー,東京
RareTECH：職業紹介,ユーザー650,2024-01-30 23:18:20.628064,39539,検索エンジン,札幌
システム・アプリ開発,ユーザー651,2023-09-27 23:18:20.628115,12769,広告,札幌
RareTECH：職業紹介,ユーザー652,2024-09-18 23:18:20.628165,34339,広告,札幌
RareTECH：法人,ユーザー653,2023-10-14 23:18:20.628215,37859,RareTECH：法人,福岡
エンベーダー,ユーザー654,2024-01-12 23:18:20.628264,27763,広告,名古屋
RareTECH：職業紹介,ユーザー655,2024-09-04 23:18:20.628313,90598,検索エンジン,福岡
システム・アプリ開発,ユーザー656,2024-03-17 23:18:20.628369,22964,広告,東京
システム・アプリ開発,ユーザー657,2024-01-19 23:18:20.628419,35061,口コミ,福岡
システム・アプリ開発,ユーザー658,2024-05-13 23:18:20.628469,72173,口コミ,名古屋
rireki,ユーザー659,2024-05-20 23:18:20.628519,22532,検索エンジン,福岡
エンベーダー,ユーザー660,2024-06-03 23:18:20.628568,16031,システム・アプリ開発,大阪
エンベーダー,ユーザー661,2023-10-31 23:18:20.628617,51302,口コミ,名古屋
RareTECH：職業紹介,ユーザー662,2024-04-23 23:18:20.628667,52808,SNS,東京
RareTECH：職業紹介,ユーザー663,2024-01-10 23:18:20.628716,6167,検索エンジン,札幌
rireki,ユーザー664,2024-07-23 23:18:20.628767,76459,口コミ,東京
RareTECH：法人,ユーザー665,2023-10-16 23:18:20.628817,68703,検索エンジン,名古屋
RareTECH：受講料,ユーザー666,2023-11-24 23:18:20.628866,87504,口コミ,名古屋
エンベーダー,ユーザー667,2023-12-09 23:18:20.628916,74703,口コミ,札幌
RareTECH：職業紹介,ユーザー668,2024-07-24 23:18:20.628965,26912,口コミ,大阪
RareTECH：職業紹介,ユーザー669,2024-07-16 23:18:20.629016,3331,RareTECH：職業紹介,名古屋
エンベーダー,ユーザー670,2024-05-06 23:18:20.629070,65643,広告,大阪
RareTECH：法人,ユーザー671,2024-06-17 23:18:20.629121,87149,RareTECH：職業紹介,大阪
rireki,ユーザー672,2023-11-15 23:18:20.629171,75686,メール,名古屋
rireki,ユーザー673,2024-06-11 23:18:20.629221,8111,RareTECH：受講料,福岡
エンベーダー,ユーザー674,2024-07-10 23:18:20.629273,31633,SNS,東京
rireki,ユーザー675,2024-01-22 23:18:20.629323,61942,rireki,大阪
システム・アプリ開発,ユーザー676,2024-08-10 23:18:20.629374,81690,RareTECH：職業紹介,名古屋
エンベーダー,ユーザー677,2024-03-23 23:18:20.629424,42574,システム・アプリ開発,名古屋
RareTECH：職業紹介,ユーザー678,2023-11-06 23:18:20.629474,93456,rireki,大阪
システム・アプリ開発,ユーザー679,2023-09-26 23:18:20.629524,8067,rireki,札幌
RareTECH：受講料,ユーザー680,2024-02-29 23:18:20.629574,94238,RareTECH：受講料,名古屋
RareTECH：職業紹介,ユーザー681,2023-10-18 23:18:20.629624,64742,口コミ,大阪
rireki,ユーザー682,2024-04-18 23:18:20.629674,99456,RareTECH：職業紹介,名古屋
rireki,ユーザー683,2024-03-03 23:18:20.629724,4888,口コミ,東京
RareTECH：受講料,ユーザー684,2024-04-03 23:18:20.629775,83592,エンベーダー,東京
rireki,ユーザー685,2023-10-22 23:18:20.629825,48488,SNS,福岡
RareTECH：受講料,ユーザー686,2024-02-23 23:18:20.629876,88072,広告,名古屋
システム・アプリ開発,ユーザー687,2024-05-01 23:18:20.629926,71374,広告,札幌
RareTECH：法人,ユーザー688,2024-05-07 23:18:20.629976,86425,SNS,名古屋
RareTECH：法人,ユーザー689,2024-09-02 23:18:20.630025,56935,エンベーダー,名古屋
RareTECH：法人,ユーザー690,2024-06-23 23:18:20.630075,15234,SNS,福岡
エンベーダー,ユーザー691,2024-07-14 23:18:20.630130,88149,検索エンジン,名古屋
RareTECH：受講料,ユーザー692,2024-03-08 23:18:20.630182,14961,rireki,大阪
rireki,ユーザー693,2024-08-03 23:18:20.630232,46392,口コミ,札幌
RareTECH：職業紹介,ユーザー694,2024-04-26 23:18:20.630283,49658,RareTECH：受講料,福岡
RareTECH：法人,ユーザー695,2024-08-27 23:18:20.630334,61403,SNS,名古屋
RareTECH：職業紹介,ユーザー696,2024-06-07 23:18:20.630384,28226,rireki,福岡
rireki,ユーザー697,2024-08-15 23:18:20.630434,42780,検索エンジン,東京
rireki,ユーザー698,2024-09-20 23:18:20.630485,42234,RareTECH：法人,名古屋
エンベーダー,ユーザー699,2024-02-08 23:18:20.630536,69462,SNS,名古屋
RareTECH：受講料,ユーザー700,2024-06-02 23:18:20.630586,86525,広告,東京
rireki,ユーザー701,2024-07-20 23:18:20.630636,80269,検索エンジン,福岡
rireki,ユーザー702,2024-01-09 23:18:20.630686,34821,SNS,名古屋
エンベーダー,ユーザー703,2024-04-12 23:18:20.630736,80078,RareTECH：職業紹介,大阪
rireki,ユーザー704,2024-09-19 23:18:20.630786,61072,口コミ,名古屋
rireki,ユーザー705,2024-08-21 23:18:20.630837,65746,検索エンジン,東京
RareTECH：職業紹介,ユーザー706,2024-06-06 23:18:20.630887,31208,広告,名古屋
RareTECH：職業紹介,ユーザー707,2024-07-27 23:18:20.630937,15169,RareTECH：受講料,名古屋
RareTECH：職業紹介,ユーザー708,2023-11-23 23:18:20.632128,33774,メール,名古屋
RareTECH：法人,ユーザー709,2023-10-08 23:18:20.632351,89210,RareTECH：職業紹介,福岡
エンベーダー,ユーザー710,2024-05-27 23:18:20.632446,89398,SNS,東京
システム・アプリ開発,ユーザー711,2024-05-18 23:18:20.632646,27221,RareTECH：法人,札幌
エンベーダー,ユーザー712,2024-04-01 23:18:20.632710,95120,検索エンジン,東京
RareTECH：法人,ユーザー713,2024-06-23 23:18:20.632771,37007,メール,東京
RareTECH：法人,ユーザー714,2023-12-19 23:18:20.632830,10512,rireki,札幌
rireki,ユーザー715,2024-05-03 23:18:20.632890,55912,メール,東京
システム・アプリ開発,ユーザー716,2024-04-18 23:18:20.633337,27570,SNS,大阪
エンベーダー,ユーザー717,2024-02-03 23:18:20.633410,14186,SNS,大阪
rireki,ユーザー718,2023-12-19 23:18:20.633473,65738,口コミ,大阪
RareTECH：法人,ユーザー719,2023-12-01 23:18:20.633535,63619,SNS,東京
rireki,ユーザー720,2024-04-29 23:18:20.633597,55963,口コミ,東京
RareTECH：受講料,ユーザー721,2023-10-20 23:18:20.633821,73312,メール,名古屋
RareTECH：職業紹介,ユーザー722,2024-04-15 23:18:20.633913,13699,広告,札幌
エンベーダー,ユーザー723,2024-08-01 23:18:20.633976,64065,エンベーダー,福岡
rireki,ユーザー724,2024-05-13 23:18:20.634035,48906,SNS,東京
rireki,ユーザー725,2024-02-20 23:18:20.634091,3054,広告,札幌
システム・アプリ開発,ユーザー726,2024-07-12 23:18:20.634146,66197,SNS,名古屋
RareTECH：法人,ユーザー727,2024-06-20 23:18:20.634241,66832,検索エンジン,東京
RareTECH：受講料,ユーザー728,2023-11-08 23:18:20.634672,50730,rireki,福岡
RareTECH：受講料,ユーザー729,2024-05-31 23:18:20.634831,30701,広告,東京
RareTECH：受講料,ユーザー730,2024-01-03 23:18:20.634953,22873,検索エンジン,名古屋
システム・アプリ開発,ユーザー731,2024-07-13 23:18:20.635082,88347,RareTECH：法人,東京
RareTECH：受講料,ユーザー732,2024-03-05 23:18:20.635148,75905,口コミ,東京
RareTECH：法人,ユーザー733,2024-03-26 23:18:20.635206,97051,RareTECH：受講料,札幌
システム・アプリ開発,ユーザー734,2024-03-11 23:18:20.635264,7192,SNS,東京
rireki,ユーザー735,2024-06-09 23:18:20.635422,77300,SNS,東京
RareTECH：受講料,ユーザー736,2024-02-26 23:18:20.635663,68566,検索エンジン,東京
システム・アプリ開発,ユーザー737,2023-11-01 23:18:20.635756,81473,システム・アプリ開発,福岡
rireki,ユーザー738,2024-08-15 23:18:20.635817,13996,口コミ,東京
RareTECH：職業紹介,ユーザー739,2024-05-19 23:18:20.635874,67334,RareTECH：職業紹介,大阪
RareTECH：受講料,ユーザー740,2024-07-18 23:18:20.635928,17352,口コミ,名古屋
RareTECH：受講料,ユーザー741,2024-05-13 23:18:20.635983,56316,広告,大阪
エンベーダー,ユーザー742,2024-07-14 23:18:20.636036,4181,RareTECH：受講料,名古屋
RareTECH：受講料,ユーザー743,2024-04-01 23:18:20.636088,9489,検索エンジン,福岡
システム・アプリ開発,ユーザー744,2023-11-21 23:18:20.636142,47008,RareTECH：法人,大阪
RareTECH：法人,ユーザー745,2024-08-05 23:18:20.636195,86299,口コミ,大阪
rireki,ユーザー746,2023-12-09 23:18:20.636248,66357,口コミ,札幌
RareTECH：受講料,ユーザー747,2023-12-01 23:18:20.636300,40786,口コミ,札幌
RareTECH：受講料,ユーザー748,2024-09-10 23:18:20.636420,41871,システム・アプリ開発,福岡
システム・アプリ開発,ユーザー749,2024-01-14 23:18:20.636488,8900,RareTECH：職業紹介,福岡
rireki,ユーザー750,2024-04-23 23:18:20.636541,74452,口コミ,名古屋
RareTECH：受講料,ユーザー751,2024-07-24 23:18:20.636594,62834,システム・アプリ開発,大阪
RareTECH：受講料,ユーザー752,2024-01-01 23:18:20.636647,42706,rireki,名古屋
rireki,ユーザー753,2024-06-16 23:18:20.636700,34883,RareTECH：職業紹介,大阪
RareTECH：受講料,ユーザー754,2024-07-30 23:18:20.636754,32630,RareTECH：法人,東京
RareTECH：職業紹介,ユーザー755,2023-12-15 23:18:20.636807,18467,口コミ,東京
エンベーダー,ユーザー756,2024-02-01 23:18:20.636859,48568,広告,東京
RareTECH：職業紹介,ユーザー757,2023-11-15 23:18:20.636909,34767,広告,札幌
RareTECH：法人,ユーザー758,2024-07-19 23:18:20.636960,68333,検索エンジン,札幌
RareTECH：法人,ユーザー759,2023-12-06 23:18:20.637011,1819,検索エンジン,福岡
エンベーダー,ユーザー760,2024-06-09 23:18:20.637061,33014,rireki,名古屋
rireki,ユーザー761,2024-03-03 23:18:20.637113,35971,システム・アプリ開発,福岡
rireki,ユーザー762,2024-01-12 23:18:20.637677,56614,エンベーダー,札幌
RareTECH：受講料,ユーザー763,2024-07-20 23:18:20.637762,60817,広告,大阪
rireki,ユーザー764,2023-11-26 23:18:20.637825,58951,広告,札幌
rireki,ユーザー765,2024-01-07 23:18:20.637883,77931,RareTECH：受講料,福岡
エンベーダー,ユーザー766,2024-09-02 23:18:20.637939,51149,メール,大阪
rireki,ユーザー767,2024-01-26 23:18:20.637995,70970,広告,福岡
システム・アプリ開発,ユーザー768,2023-12-21 23:18:20.638058,4321,エンベーダー,札幌
RareTECH：受講料,ユーザー769,2024-02-24 23:18:20.638112,63973,rireki,東京
RareTECH：受講料,ユーザー770,2024-06-01 23:18:20.638165,13162,口コミ,札幌
rireki,ユーザー771,2024-08-14 23:18:20.638219,5290,RareTECH：法人,名古屋
RareTECH：職業紹介,ユーザー772,2024-01-22 23:18:20.638273,11635,エンベーダー,大阪
RareTECH：受講料,ユーザー773,2024-02-20 23:18:20.638327,24959,RareTECH：職業紹介,名古屋
RareTECH：職業紹介,ユーザー774,2024-07-13 23:18:20.638380,44473,RareTECH：法人,福岡
RareTECH：受講料,ユーザー775,2024-07-17 23:18:20.638434,90080,検索エンジン,名古屋
RareTECH：法人,ユーザー776,2024-05-15 23:18:20.638488,88250,検索エンジン,名古屋
RareTECH：職業紹介,ユーザー777,2024-01-16 23:18:20.640547,48863,SNS,札幌
システム・アプリ開発,ユーザー778,2024-08-13 23:18:20.641287,99998,SNS,名古屋
RareTECH：受講料,ユーザー779,2023-11-29 23:18:20.641354,73866,rireki,東京
RareTECH：受講料,ユーザー780,2024-01-30 23:18:20.641411,80718,広告,大阪
RareTECH：法人,ユーザー781,2023-10-29 23:18:20.641530,41345,システム・アプリ開発,東京
RareTECH：職業紹介,ユーザー782,2024-07-23 23:18:20.641682,1072,rireki,東京
エンベーダー,ユーザー783,2024-08-24 23:18:20.641763,11849,エンベーダー,福岡
RareTECH：受講料,ユーザー784,2024-09-08 23:18:20.641823,12810,RareTECH：受講料,大阪
システム・アプリ開発,ユーザー785,2024-08-30 23:18:20.641877,31368,システム・アプリ開発,名古屋
RareTECH：受講料,ユーザー786,2024-05-03 23:18:20.641930,72692,システム・アプリ開発,大阪
RareTECH：受講料,ユーザー787,2024-05-03 23:18:20.641986,23932,RareTECH：受講料,札幌
エンベーダー,ユーザー788,2024-05-03 23:18:20.642040,38820,RareTECH：職業紹介,東京
システム・アプリ開発,ユーザー789,2024-05-21 23:18:20.642091,28986,rireki,大阪
RareTECH：法人,ユーザー790,2024-08-07 23:18:20.642142,88779,RareTECH：職業紹介,大阪
RareTECH：受講料,ユーザー791,2024-02-27 23:18:20.642196,22835,口コミ,大阪
rireki,ユーザー792,2024-08-27 23:18:20.642247,91028,口コミ,大阪
RareTECH：受講料,ユーザー793,2024-09-21 23:18:20.642298,42433,口コミ,札幌
エンベーダー,ユーザー794,2024-05-28 23:18:20.642349,29857,口コミ,大阪
RareTECH：受講料,ユーザー795,2024-03-16 23:18:20.642401,93467,口コミ,東京
rireki,ユーザー796,2024-02-14 23:18:20.642460,62846,口コミ,札幌
RareTECH：受講料,ユーザー797,2024-03-25 23:18:20.642512,50237,RareTECH：受講料,名古屋
システム・アプリ開発,ユーザー798,2024-09-17 23:18:20.642562,79369,検索エンジン,名古屋
rireki,ユーザー799,2024-04-15 23:18:20.642613,38782,口コミ,名古屋
RareTECH：職業紹介,ユーザー800,2024-06-06 23:18:20.642664,53539,メール,札幌
RareTECH：受講料,ユーザー801,2024-02-06 23:18:20.642715,4981,SNS,東京
エンベーダー,ユーザー802,2024-04-12 23:18:20.642765,98576,RareTECH：受講料,大阪
エンベーダー,ユーザー803,2024-03-17 23:18:20.642814,65707,RareTECH：法人,名古屋
エンベーダー,ユーザー804,2023-11-09 23:18:20.642867,9226,システム・アプリ開発,札幌
RareTECH：法人,ユーザー805,2024-07-27 23:18:20.642919,58629,口コミ,福岡
エンベーダー,ユーザー806,2024-08-21 23:18:20.642970,79226,エンベーダー,東京
RareTECH：受講料,ユーザー807,2024-03-31 23:18:20.643019,80149,RareTECH：法人,福岡
システム・アプリ開発,ユーザー808,2024-08-18 23:18:20.647135,75475,検索エンジン,福岡
RareTECH：職業紹介,ユーザー809,2023-10-19 23:18:20.647367,2014,口コミ,札幌
システム・アプリ開発,ユーザー810,2024-06-09 23:18:20.647887,86503,検索エンジン,名古屋
RareTECH：法人,ユーザー811,2024-01-20 23:18:20.647965,7994,メール,福岡
rireki,ユーザー812,2024-03-10 23:18:20.648026,84926,広告,東京
RareTECH：職業紹介,ユーザー813,2023-10-29 23:18:20.648093,26301,RareTECH：職業紹介,名古屋
RareTECH：法人,ユーザー814,2024-07-01 23:18:20.648149,15335,検索エンジン,札幌
RareTECH：受講料,ユーザー815,2024-04-15 23:18:20.648205,17515,口コミ,大阪
システム・アプリ開発,ユーザー816,2024-01-21 23:18:20.648259,46875,システム・アプリ開発,福岡
RareTECH：法人,ユーザー817,2023-11-28 23:18:20.648314,44466,検索エンジン,札幌
RareTECH：職業紹介,ユーザー818,2023-12-25 23:18:20.648369,81893,RareTECH：受講料,札幌
システム・アプリ開発,ユーザー819,2024-08-04 23:18:20.648422,82736,エンベーダー,大阪
RareTECH：職業紹介,ユーザー820,2024-04-15 23:18:20.648743,25664,rireki,大阪
エンベーダー,ユーザー821,2024-03-19 23:18:20.648814,4371,SNS,名古屋
RareTECH：法人,ユーザー822,2023-10-28 23:18:20.648871,86285,メール,札幌
RareTECH：法人,ユーザー823,2024-07-25 23:18:20.648927,85951,広告,大阪
RareTECH：受講料,ユーザー824,2024-09-12 23:18:20.648981,45041,RareTECH：法人,名古屋
RareTECH：法人,ユーザー825,2024-03-14 23:18:20.649033,21484,エンベーダー,大阪
エンベーダー,ユーザー826,2024-01-11 23:18:20.649111,51105,エンベーダー,東京
rireki,ユーザー827,2023-12-02 23:18:20.649164,94043,SNS,札幌
RareTECH：法人,ユーザー828,2024-07-09 23:18:20.649215,75815,検索エンジン,名古屋
RareTECH：法人,ユーザー829,2024-05-22 23:18:20.649268,8213,広告,福岡
RareTECH：法人,ユーザー830,2024-04-25 23:18:20.649319,56051,エンベーダー,福岡
エンベーダー,ユーザー831,2024-05-08 23:18:20.649405,69975,SNS,名古屋
rireki,ユーザー832,2024-06-27 23:18:20.649506,74841,メール,東京
エンベーダー,ユーザー833,2024-01-09 23:18:20.650009,33511,口コミ,福岡
RareTECH：受講料,ユーザー834,2024-05-17 23:18:20.650293,9581,メール,福岡
エンベーダー,ユーザー835,2024-04-07 23:18:20.650354,21993,RareTECH：法人,札幌
RareTECH：職業紹介,ユーザー836,2024-04-21 23:18:20.650409,92572,検索エンジン,名古屋
エンベーダー,ユーザー837,2024-04-03 23:18:20.650464,20839,rireki,大阪
システム・アプリ開発,ユーザー838,2023-12-07 23:18:20.651064,19386,SNS,札幌
エンベーダー,ユーザー839,2024-05-10 23:18:20.651128,52843,検索エンジン,福岡
RareTECH：受講料,ユーザー840,2024-09-15 23:18:20.651183,68971,エンベーダー,福岡
システム・アプリ開発,ユーザー841,2023-09-27 23:18:20.651235,91482,検索エンジン,札幌
RareTECH：職業紹介,ユーザー842,2024-05-30 23:18:20.651287,57434,検索エンジン,大阪
エンベーダー,ユーザー843,2024-03-07 23:18:20.651339,53434,広告,大阪
システム・アプリ開発,ユーザー844,2024-05-16 23:18:20.651391,40024,メール,福岡
RareTECH：職業紹介,ユーザー845,2024-08-18 23:18:20.651443,79266,広告,大阪
エンベーダー,ユーザー846,2024-05-25 23:18:20.651494,45002,RareTECH：法人,東京
RareTECH：法人,ユーザー847,2024-06-06 23:18:20.651546,46260,SNS,東京
RareTECH：受講料,ユーザー848,2024-05-23 23:18:20.651598,88128,検索エンジン,大阪
RareTECH：法人,ユーザー849,2024-03-25 23:18:20.651650,3429,SNS,名古屋
エンベーダー,ユーザー850,2023-11-09 23:18:20.651702,89008,エンベーダー,東京
rireki,ユーザー851,2024-07-16 23:18:20.651754,1747,RareTECH：法人,札幌
システム・アプリ開発,ユーザー852,2024-06-03 23:18:20.654478,36642,SNS,大阪
rireki,ユーザー853,2024-08-18 23:18:20.654556,4553,SNS,名古屋
RareTECH：受講料,ユーザー854,2024-04-06 23:18:20.654620,42065,エンベーダー,東京
システム・アプリ開発,ユーザー855,2024-09-18 23:18:20.654681,8387,メール,札幌
システム・アプリ開発,ユーザー856,2024-01-13 23:18:20.654742,36764,rireki,大阪
RareTECH：法人,ユーザー857,2024-09-20 23:18:20.654800,97733,SNS,東京
RareTECH：法人,ユーザー858,2023-12-24 23:18:20.656046,31553,RareTECH：受講料,大阪
RareTECH：受講料,ユーザー859,2023-12-07 23:18:20.656150,67713,SNS,大阪
RareTECH：職業紹介,ユーザー860,2024-04-17 23:18:20.656456,14200,RareTECH：法人,大阪
RareTECH：法人,ユーザー861,2023-10-04 23:18:20.656538,94617,rireki,大阪
rireki,ユーザー862,2024-09-05 23:18:20.656599,5227,システム・アプリ開発,大阪
エンベーダー,ユーザー863,2023-12-13 23:18:20.656655,31487,検索エンジン,福岡
RareTECH：法人,ユーザー864,2024-03-15 23:18:20.656751,22152,口コミ,札幌
RareTECH：法人,ユーザー865,2024-09-03 23:18:20.656826,11810,rireki,札幌
エンベーダー,ユーザー866,2023-12-21 23:18:20.656886,18715,SNS,名古屋
システム・アプリ開発,ユーザー867,2023-11-21 23:18:20.656942,4241,口コミ,東京
RareTECH：受講料,ユーザー868,2023-10-12 23:18:20.656997,53420,エンベーダー,名古屋
rireki,ユーザー869,2023-10-21 23:18:20.657052,35282,口コミ,福岡
rireki,ユーザー870,2024-08-11 23:18:20.657106,80224,検索エンジン,名古屋
システム・アプリ開発,ユーザー871,2024-08-02 23:18:20.657198,75887,口コミ,名古屋
RareTECH：職業紹介,ユーザー872,2023-10-27 23:18:20.657292,46802,メール,名古屋
rireki,ユーザー873,2024-05-22 23:18:20.657356,91649,RareTECH：法人,東京
システム・アプリ開発,ユーザー874,2024-08-27 23:18:20.658018,12519,RareTECH：職業紹介,福岡
エンベーダー,ユーザー875,2024-02-09 23:18:20.658095,4402,RareTECH：法人,札幌
RareTECH：受講料,ユーザー876,2024-04-02 23:18:20.658155,6314,システム・アプリ開発,東京
システム・アプリ開発,ユーザー877,2024-06-08 23:18:20.658212,52086,エンベーダー,大阪
RareTECH：受講料,ユーザー878,2023-11-13 23:18:20.658304,56476,rireki,札幌
システム・アプリ開発,ユーザー879,2023-11-30 23:18:20.658387,28792,rireki,札幌
rireki,ユーザー880,2024-01-08 23:18:20.658451,30531,RareTECH：職業紹介,札幌
RareTECH：職業紹介,ユーザー881,2024-06-16 23:18:20.658510,77281,メール,福岡
RareTECH：法人,ユーザー882,2023-09-27 23:18:20.658566,29441,広告,東京
RareTECH：職業紹介,ユーザー883,2024-01-19 23:18:20.658620,43595,RareTECH：法人,名古屋
エンベーダー,ユーザー884,2023-11-08 23:18:20.658674,99725,広告,札幌
システム・アプリ開発,ユーザー885,2023-11-11 23:18:20.658729,1650,RareTECH：職業紹介,名古屋
RareTECH：法人,ユーザー886,2023-11-16 23:18:20.658781,50869,RareTECH：受講料,名古屋
RareTECH：法人,ユーザー887,2024-01-01 23:18:20.658834,83909,広告,名古屋
RareTECH：職業紹介,ユーザー888,2023-11-09 23:18:20.658886,89071,SNS,札幌
RareTECH：法人,ユーザー889,2024-01-11 23:18:20.658938,13476,rireki,大阪
システム・アプリ開発,ユーザー890,2024-07-24 23:18:20.658992,54043,口コミ,名古屋
エンベーダー,ユーザー891,2023-11-06 23:18:20.659052,67557,SNS,福岡
rireki,ユーザー892,2023-12-12 23:18:20.659104,66931,rireki,東京
システム・アプリ開発,ユーザー893,2024-06-15 23:18:20.659156,44683,広告,札幌
エンベーダー,ユーザー894,2023-09-27 23:18:20.659208,10088,広告,東京
RareTECH：法人,ユーザー895,2024-01-15 23:18:20.659259,19370,口コミ,大阪
rireki,ユーザー896,2024-01-06 23:18:20.659310,55295,RareTECH：職業紹介,福岡
RareTECH：職業紹介,ユーザー897,2024-07-07 23:18:20.659386,72604,システム・アプリ開発,名古屋
RareTECH：職業紹介,ユーザー898,2024-08-13 23:18:20.659483,26877,rireki,名古屋
RareTECH：受講料,ユーザー899,2024-01-03 23:18:20.659559,19932,エンベーダー,札幌
RareTECH：受講料,ユーザー900,2024-02-15 23:18:20.659620,62350,口コミ,東京
エンベーダー,ユーザー901,2024-02-05 23:18:20.659688,49970,rireki,大阪
エンベーダー,ユーザー902,2024-01-09 23:18:20.659743,54504,広告,大阪
RareTECH：受講料,ユーザー903,2024-05-28 23:18:20.659799,28256,RareTECH：法人,大阪
rireki,ユーザー904,2024-07-25 23:18:20.659854,4512,広告,大阪
RareTECH：職業紹介,ユーザー905,2023-11-29 23:18:20.659908,89191,SNS,名古屋
RareTECH：法人,ユーザー906,2023-11-16 23:18:20.659962,46868,検索エンジン,東京
RareTECH：法人,ユーザー907,2023-12-23 23:18:20.660026,82082,検索エンジン,大阪
RareTECH：受講料,ユーザー908,2024-06-28 23:18:20.660079,91334,RareTECH：職業紹介,福岡
システム・アプリ開発,ユーザー909,2024-06-13 23:18:20.660133,85172,RareTECH：受講料,名古屋
RareTECH：受講料,ユーザー910,2024-05-30 23:18:20.660186,58738,口コミ,名古屋
RareTECH：法人,ユーザー911,2023-10-03 23:18:20.660237,3907,広告,東京
システム・アプリ開発,ユーザー912,2024-04-25 23:18:20.660289,22720,RareTECH：職業紹介,東京
エンベーダー,ユーザー913,2023-11-07 23:18:20.660344,68862,口コミ,大阪
rireki,ユーザー914,2024-05-14 23:18:20.660395,77619,検索エンジン,札幌
RareTECH：受講料,ユーザー915,2023-11-01 23:18:20.660455,7403,検索エンジン,福岡
RareTECH：法人,ユーザー916,2024-03-06 23:18:20.660507,16526,システム・アプリ開発,大阪
RareTECH：受講料,ユーザー917,2024-09-01 23:18:20.660559,42376,エンベーダー,札幌
RareTECH：受講料,ユーザー918,2024-03-13 23:18:20.660610,95804,RareTECH：受講料,東京
rireki,ユーザー919,2024-02-06 23:18:20.660662,66968,rireki,福岡
エンベーダー,ユーザー920,2024-03-30 23:18:20.660714,96489,広告,東京
rireki,ユーザー921,2024-08-01 23:18:20.660765,8944,検索エンジン,名古屋
RareTECH：職業紹介,ユーザー922,2024-02-15 23:18:20.660816,99113,SNS,札幌
エンベーダー,ユーザー923,2023-09-30 23:18:20.660868,88262,口コミ,福岡
システム・アプリ開発,ユーザー924,2024-02-14 23:18:20.660918,27806,口コミ,福岡
エンベーダー,ユーザー925,2024-02-15 23:18:20.660968,88467,RareTECH：職業紹介,東京
RareTECH：職業紹介,ユーザー926,2023-11-18 23:18:20.661019,60201,検索エンジン,大阪
RareTECH：受講料,ユーザー927,2023-09-28 23:18:20.661069,36886,RareTECH：職業紹介,名古屋
システム・アプリ開発,ユーザー928,2024-07-15 23:18:20.661120,5764,口コミ,東京
システム・アプリ開発,ユーザー929,2024-01-05 23:18:20.661171,82638,RareTECH：法人,福岡
RareTECH：法人,ユーザー930,2024-02-04 23:18:20.661222,27141,検索エンジン,福岡
RareTECH：受講料,ユーザー931,2023-12-20 23:18:20.661272,65359,SNS,札幌
エンベーダー,ユーザー932,2024-02-26 23:18:20.661323,61836,口コミ,札幌
rireki,ユーザー933,2024-01-20 23:18:20.661373,32531,RareTECH：受講料,札幌
RareTECH：職業紹介,ユーザー934,2024-02-05 23:18:20.661424,29396,SNS,東京
RareTECH：受講料,ユーザー935,2024-09-09 23:18:20.661482,41808,検索エンジン,大阪
RareTECH：法人,ユーザー936,2023-12-27 23:18:20.661534,41022,システム・アプリ開発,名古屋
RareTECH：受講料,ユーザー937,2024-07-27 23:18:20.661586,7933,SNS,福岡
RareTECH：法人,ユーザー938,2024-03-10 23:18:20.661637,64812,rireki,大阪
システム・アプリ開発,ユーザー939,2024-08-29 23:18:20.661688,70337,エンベーダー,東京
rireki,ユーザー940,2024-03-30 23:18:20.661738,75904,RareTECH：受講料,札幌
エンベーダー,ユーザー941,2024-04-30 23:18:20.661788,47744,RareTECH：法人,札幌
エンベーダー,ユーザー942,2024-05-06 23:18:20.661838,2067,システム・アプリ開発,大阪
RareTECH：職業紹介,ユーザー943,2023-12-25 23:18:20.661889,55084,RareTECH：受講料,名古屋
システム・アプリ開発,ユーザー944,2024-07-25 23:18:20.661971,34845,エンベーダー,札幌
RareTECH：職業紹介,ユーザー945,2024-07-31 23:18:20.662023,27454,広告,名古屋
RareTECH：法人,ユーザー946,2024-08-21 23:18:20.662074,74071,広告,福岡
RareTECH：受講料,ユーザー947,2024-03-17 23:18:20.662125,79580,RareTECH：法人,札幌
rireki,ユーザー948,2024-04-19 23:18:20.662185,93604,口コミ,名古屋
システム・アプリ開発,ユーザー949,2024-03-31 23:18:20.662237,35044,検索エンジン,福岡
エンベーダー,ユーザー950,2024-06-09 23:18:20.662288,45591,広告,東京
RareTECH：受講料,ユーザー951,2024-02-17 23:18:20.662340,45015,SNS,大阪
エンベーダー,ユーザー952,2024-08-03 23:18:20.662392,79912,広告,福岡
システム・アプリ開発,ユーザー953,2024-01-17 23:18:20.662443,82709,RareTECH：法人,名古屋
エンベーダー,ユーザー954,2024-04-11 23:18:20.662493,27881,RareTECH：職業紹介,東京
システム・アプリ開発,ユーザー955,2024-09-07 23:18:20.662544,79175,RareTECH：受講料,東京
システム・アプリ開発,ユーザー956,2024-08-23 23:18:20.662595,48266,RareTECH：職業紹介,札幌
RareTECH：受講料,ユーザー957,2024-07-05 23:18:20.662645,68783,システム・アプリ開発,札幌
RareTECH：受講料,ユーザー958,2024-05-03 23:18:20.662696,91502,RareTECH：受講料,東京
エンベーダー,ユーザー959,2024-01-20 23:18:20.662747,9227,rireki,大阪
rireki,ユーザー960,2024-05-14 23:18:20.662797,63787,検索エンジン,札幌
RareTECH：法人,ユーザー961,2024-04-04 23:18:20.662849,16016,SNS,大阪
RareTECH：職業紹介,ユーザー962,2024-06-29 23:18:20.662900,60838,RareTECH：職業紹介,札幌
rireki,ユーザー963,2024-04-20 23:18:20.662950,27528,RareTECH：職業紹介,名古屋
エンベーダー,ユーザー964,2023-12-25 23:18:20.663147,57890,RareTECH：受講料,名古屋
RareTECH：受講料,ユーザー965,2024-04-27 23:18:20.663223,90578,エンベーダー,東京
エンベーダー,ユーザー966,2023-09-29 23:18:20.663283,80931,rireki,札幌
システム・アプリ開発,ユーザー967,2023-10-30 23:18:20.663340,68600,SNS,福岡
エンベーダー,ユーザー968,2024-05-21 23:18:20.663394,45896,SNS,名古屋
rireki,ユーザー969,2023-12-23 23:18:20.663456,93883,RareTECH：職業紹介,名古屋
rireki,ユーザー970,2023-10-14 23:18:20.663510,91009,SNS,大阪
システム・アプリ開発,ユーザー971,2024-02-11 23:18:20.663564,22137,RareTECH：職業紹介,札幌
エンベーダー,ユーザー972,2024-01-24 23:18:20.663616,5165,SNS,福岡
rireki,ユーザー973,2024-01-28 23:18:20.663669,54805,rireki,福岡
rireki,ユーザー974,2024-01-09 23:18:20.663722,36434,RareTECH：法人,大阪
rireki,ユーザー975,2024-02-23 23:18:20.663774,55427,広告,名古屋
システム・アプリ開発,ユーザー976,2023-10-01 23:18:20.663825,4284,システム・アプリ開発,札幌
RareTECH：職業紹介,ユーザー977,2023-12-29 23:18:20.663877,62226,広告,札幌
RareTECH：職業紹介,ユーザー978,2024-08-11 23:18:20.663930,17402,RareTECH：法人,大阪
RareTECH：受講料,ユーザー979,2023-11-18 23:18:20.663981,1915,rireki,東京
エンベーダー,ユーザー980,2023-12-09 23:18:20.664033,51466,口コミ,東京
エンベーダー,ユーザー981,2024-08-05 23:18:20.664085,65228,システム・アプリ開発,名古屋
RareTECH：職業紹介,ユーザー982,2024-01-27 23:18:20.664136,7250,SNS,名古屋
RareTECH：受講料,ユーザー983,2024-08-01 23:18:20.664188,63664,検索エンジン,東京
RareTECH：受講料,ユーザー984,2024-08-30 23:18:20.664239,29664,RareTECH：職業紹介,札幌
システム・アプリ開発,ユーザー985,2024-09-12 23:18:20.664290,83088,SNS,札幌
RareTECH：職業紹介,ユーザー986,2024-03-25 23:18:20.664341,83127,システム・アプリ開発,東京
システム・アプリ開発,ユーザー987,2023-10-23 23:18:20.664392,80005,口コミ,名古屋
rireki,ユーザー988,2024-08-29 23:18:20.664444,57128,システム・アプリ開発,東京
エンベーダー,ユーザー989,2024-01-13 23:18:20.664495,2421,広告,札幌
エンベーダー,ユーザー990,2024-04-12 23:18:20.664570,38835,rireki,大阪
RareTECH：法人,ユーザー991,2024-02-20 23:18:20.664623,44692,SNS,福岡
エンベーダー,ユーザー992,2024-08-02 23:18:20.664778,46848,エンベーダー,東京
RareTECH：法人,ユーザー993,2023-12-10 23:18:20.664847,53943,広告,東京
RareTECH：法人,ユーザー994,2024-02-06 23:18:20.664965,77563,システム・アプリ開発,大阪
rireki,ユーザー995,2024-06-20 23:18:20.665047,76871,RareTECH：受講料,東京
rireki,ユーザー996,2024-08-17 23:18:20.665104,86184,検索エンジン,名古屋
RareTECH：受講料,ユーザー997,2023-09-30 23:18:20.665158,3066,検索エンジン,東京
RareTECH：法人,ユーザー998,2023-11-13 23:18:20.665210,15210,口コミ,札幌
RareTECH：職業紹介,ユーザー999,2024-07-01 23:18:20.665401,70587,口コミ,福岡
RareTECH：法人,ユーザー1000,2023-12-01 23:18:20.665477,59456,rireki,福岡
